material_id,plant_id,order_count,demand_qty,demand_value,avg_order_qty
MAT049,PL004,40,2946,173814,73.65
MAT002,PL010,40,3560,441440,89
MAT029,PL004,40,7102,1569542,177.55
MAT036,PL010,40,1720,825600,43
MAT045,PL010,40,5118,1852716,127.95
MAT008,PL001,40,3557,1230722,88.925
MAT043,PL004,40,2869,826272,71.725
MAT024,PL006,40,1615,786505,40.375
MAT030,PL002,40,1615,416670,40.375
MAT032,PL007,40,3900,1294800,97.5
MAT042,PL008,40,1791,449541,44.775
MAT021,PL006,40,4862,1828112,121.55
MAT044,PL006,40,3935,1278875,98.375
MAT026,PL002,40,3658,402380,91.45
MAT031,PL004,40,2798,825410,69.95
MAT026,PL008,40,3738,411180,93.45
MAT034,PL001,40,6121,2485126,153.025
MAT016,PL002,40,6138,1172358,153.45
MAT039,PL007,40,5112,715680,127.8
MAT001,PL003,40,2440,212280,61
MAT047,PL009,40,7261,3165796,181.525
MAT016,PL001,40,5971,1140461,149.275
MAT017,PL005,40,7293,1662804,182.325
MAT032,PL010,40,3681,1222092,92.025
MAT049,PL002,40,2986,176174,74.65
MAT020,PL003,40,3677,1246503,91.925
MAT010,PL003,40,5327,2237340,133.175
MAT009,PL005,40,4492,1720436,112.3
MAT033,PL009,40,4997,1843893,124.925
MAT027,PL003,40,4920,723240,123
MAT014,PL008,40,3678,430326,91.95
MAT045,PL008,40,4936,1786832,123.4
MAT015,PL009,40,4687,721798,117.175
MAT042,PL003,40,1771,444521,44.275
MAT042,PL001,40,1790,449290,44.75
MAT003,PL003,40,4775,768775,119.375
MAT005,PL003,40,7386,1735710,184.65
MAT049,PL009,40,2946,173814,73.65
MAT034,PL005,40,6249,2537094,156.225
MAT020,PL001,40,3718,1260402,92.95
MAT048,PL001,40,1792,847616,44.8
MAT004,PL002,40,5683,1125234,142.075
MAT021,PL003,40,4884,1836384,122.1
MAT012,PL004,40,1502,741988,37.55
MAT048,PL004,40,1802,852346,45.05
MAT020,PL008,40,3839,1301421,95.975
MAT029,PL008,40,7048,1557608,176.2
MAT014,PL010,40,3652,427284,91.3
MAT014,PL001,40,3755,439335,93.875
MAT009,PL008,40,4733,1812739,118.325
MAT022,PL004,40,5922,2445786,148.05
MAT039,PL009,40,5101,714140,127.525
MAT027,PL004,40,4868,715596,121.7
MAT043,PL010,40,2873,827424,71.825
MAT008,PL005,40,3618,1251828,90.45
MAT019,PL010,40,2540,767080,63.5
MAT029,PL005,40,6999,1546779,174.975
MAT008,PL008,40,3486,1206156,87.15
MAT013,PL010,40,2516,201280,62.9
MAT012,PL007,40,1445,713830,36.125
MAT015,PL007,40,4728,728112,118.2
MAT036,PL007,40,1641,787680,41.025
MAT025,PL001,40,2730,199290,68.25
MAT011,PL010,40,6998,3198086,174.95
MAT015,PL002,40,4714,725956,117.85
MAT018,PL005,40,1507,399355,37.675
MAT046,PL006,40,6361,2538039,159.025
MAT012,PL008,40,1419,700986,35.475
MAT003,PL005,40,4512,726432,112.8
MAT028,PL007,40,6006,1105104,150.15
MAT044,PL009,40,4044,1314300,101.1
MAT044,PL010,40,4032,1310400,100.8
MAT023,PL002,40,7144,3214800,178.6
MAT011,PL003,40,6670,3048190,166.75
MAT003,PL006,40,4710,758310,117.75
MAT017,PL001,40,6954,1585512,173.85
MAT041,PL002,40,7122,1524108,178.05
MAT012,PL003,40,1442,712348,36.05
MAT001,PL008,40,2342,203754,58.55
MAT024,PL009,40,1568,763616,39.2
MAT008,PL002,40,3637,1258402,90.925
MAT040,PL005,40,5999,1061823,149.975
MAT004,PL006,40,5824,1153152,145.6
MAT026,PL009,40,3684,405240,92.1
MAT037,PL004,40,2761,182226,69.025
MAT043,PL007,40,2814,810432,70.35
MAT032,PL008,40,3763,1249316,94.075
MAT048,PL009,40,1809,855657,45.225
MAT037,PL007,40,2787,183942,69.675
MAT048,PL002,40,1760,832480,44
MAT036,PL006,40,1626,780480,40.65
MAT011,PL007,40,7072,3231904,176.8
MAT003,PL010,40,4734,762174,118.35
MAT001,PL006,40,2327,202449,58.175
MAT027,PL007,40,4965,729855,124.125
MAT042,PL009,40,1784,447784,44.6
MAT043,PL003,40,2935,845280,73.375
MAT034,PL010,40,5929,2407174,148.225
MAT021,PL007,40,4750,1786000,118.75
MAT012,PL010,40,1420,701480,35.5
MAT036,PL002,40,1782,855360,44.55
MAT035,PL005,40,7415,3284845,185.375
MAT008,PL009,40,3428,1186088,85.7
MAT037,PL002,40,2727,179982,68.175
MAT018,PL006,40,1493,395645,37.325
MAT046,PL009,40,6223,2482977,155.575
MAT002,PL004,40,3576,443424,89.4
MAT009,PL003,40,4657,1783631,116.425
MAT044,PL003,40,3882,1261650,97.05
MAT016,PL005,40,5657,1080487,141.425
MAT011,PL002,40,6822,3117654,170.55
MAT039,PL004,40,4937,691180,123.425
MAT026,PL005,40,3836,421960,95.9
MAT040,PL007,40,6040,1069080,151
MAT030,PL004,40,1678,432924,41.95
MAT041,PL004,40,7197,1540158,179.925
MAT015,PL005,40,4805,739970,120.125
MAT025,PL010,40,2648,193304,66.2
MAT010,PL006,40,5171,2171820,129.275
MAT023,PL008,40,6902,3105900,172.55
MAT026,PL010,40,3690,405900,92.25
MAT007,PL004,40,2456,758904,61.4
MAT047,PL003,40,7409,3230324,185.225
MAT047,PL002,40,7063,3079468,176.575
MAT019,PL006,40,2640,797280,66
MAT024,PL001,40,1525,742675,38.125
MAT008,PL004,40,3645,1261170,91.125
MAT001,PL007,40,2344,203928,58.6
MAT033,PL008,40,5140,1896660,128.5
MAT050,PL008,40,4109,394464,102.725
MAT028,PL003,40,6001,1104184,150.025
MAT036,PL009,40,1678,805440,41.95
MAT035,PL002,40,7290,3229470,182.25
MAT042,PL010,40,1808,453808,45.2
MAT009,PL001,40,4653,1782099,116.325
MAT027,PL001,40,5003,735441,125.075
MAT039,PL006,40,5143,720020,128.575
MAT012,PL001,40,1480,731120,37
MAT003,PL002,40,4837,778757,120.925
MAT038,PL003,40,3984,410352,99.6
MAT004,PL009,40,5804,1149192,145.1
MAT024,PL010,40,1536,748032,38.4
MAT002,PL006,40,3514,435736,87.85
MAT016,PL010,40,6001,1146191,150.025
MAT026,PL001,40,3691,406010,92.275
MAT028,PL006,40,6088,1120192,152.2
MAT049,PL008,40,2934,173106,73.35
MAT047,PL001,40,7325,3193700,183.125
MAT032,PL001,40,3912,1298784,97.8
MAT044,PL001,40,3997,1299025,99.925
MAT030,PL008,40,1622,418476,40.55
MAT011,PL004,40,6766,3092062,169.15
MAT035,PL010,40,7245,3209535,181.125
MAT022,PL010,40,5844,2413572,146.1
MAT040,PL004,40,6080,1076160,152
MAT022,PL001,40,5917,2443721,147.925
MAT031,PL008,40,2694,794730,67.35
MAT031,PL001,40,2798,825410,69.95
MAT048,PL003,40,1804,853292,45.1
MAT004,PL010,40,5645,1117710,141.125
MAT005,PL009,40,7547,1773545,188.675
MAT046,PL004,40,6203,2474997,155.075
MAT019,PL005,40,2704,816608,67.6
MAT004,PL008,40,5664,1121472,141.6
MAT002,PL003,40,3382,419368,84.55
MAT023,PL004,40,7146,3215700,178.65
MAT023,PL005,40,6936,3121200,173.4
MAT050,PL005,40,4072,390912,101.8
MAT037,PL008,40,2888,190608,72.2
MAT022,PL003,40,5830,2407790,145.75
MAT040,PL003,40,6105,1080585,152.625
MAT041,PL009,40,7252,1551928,181.3
MAT020,PL010,40,3664,1242096,91.6
MAT028,PL010,40,6157,1132888,153.925
MAT019,PL002,40,2622,791844,65.55
MAT047,PL004,40,7279,3173644,181.975
MAT003,PL009,40,4755,765555,118.875
MAT018,PL001,40,1500,397500,37.5
MAT017,PL007,40,7176,1636128,179.4
MAT009,PL004,40,4629,1772907,115.725
MAT035,PL007,40,7158,3170994,178.95
MAT045,PL009,40,4943,1789366,123.575
MAT033,PL003,40,4837,1784853,120.925
MAT006,PL006,40,1410,383520,35.25
MAT015,PL006,40,4757,732578,118.925
MAT007,PL005,40,2402,742218,60.05
MAT006,PL002,40,1369,372368,34.225
MAT011,PL008,40,6987,3193059,174.675
MAT035,PL001,40,7157,3170551,178.925
MAT014,PL007,40,3579,418743,89.475
MAT010,PL004,40,5341,2243220,133.525
MAT004,PL005,40,5824,1153152,145.6
MAT023,PL003,40,7340,3303000,183.5
MAT037,PL001,40,2793,184338,69.825
MAT038,PL006,40,3861,397683,96.525
MAT014,PL004,40,3672,429624,91.8
MAT016,PL009,40,5946,1135686,148.65
MAT022,PL008,40,5871,2424723,146.775
MAT047,PL005,40,7237,3155332,180.925
MAT002,PL002,40,3363,417012,84.075
MAT007,PL003,40,2517,777753,62.925
MAT003,PL004,40,4560,734160,114
MAT014,PL003,40,3754,439218,93.85
MAT039,PL005,40,5149,720860,128.725
MAT035,PL004,40,6944,3076192,173.6
MAT012,PL005,40,1410,696540,35.25
MAT010,PL007,40,5435,2282700,135.875
MAT047,PL006,40,7152,3118272,178.8
MAT002,PL009,40,3504,434496,87.6
MAT050,PL002,40,3968,380928,99.2
MAT025,PL003,40,2732,199436,68.3
MAT043,PL008,40,2816,811008,70.4
MAT039,PL002,40,4943,692020,123.575
MAT049,PL003,40,2967,175053,74.175
MAT038,PL008,40,3864,397992,96.6
MAT028,PL008,40,6000,1104000,150
MAT038,PL009,40,3918,403554,97.95
MAT013,PL008,40,2578,206240,64.45
MAT010,PL010,40,5297,2224740,132.425
MAT036,PL008,40,1685,808800,42.125
MAT037,PL010,40,2752,181632,68.8
MAT001,PL004,40,2395,208365,59.875
MAT050,PL006,40,4105,394080,102.625
MAT018,PL008,40,1506,399090,37.65
MAT031,PL005,40,2678,790010,66.95
MAT014,PL009,40,3746,438282,93.65
MAT030,PL005,40,1682,433956,42.05
MAT040,PL008,40,5990,1060230,149.75
MAT007,PL001,40,2585,798765,64.625
MAT028,PL001,40,5861,1078424,146.525
MAT010,PL002,40,5395,2265900,134.875
MAT047,PL008,40,7018,3059848,175.45
MAT020,PL009,40,3866,1310574,96.65
MAT009,PL010,40,4857,1860231,121.425
MAT019,PL001,40,2510,758020,62.75
MAT018,PL002,40,1515,401475,37.875
MAT030,PL003,40,1656,427248,41.4
MAT048,PL007,40,1864,881672,46.6
MAT026,PL004,40,3727,409970,93.175
MAT035,PL009,40,7343,3252949,183.575
MAT021,PL004,40,4964,1866464,124.1
MAT041,PL007,40,7100,1519400,177.5
MAT035,PL006,40,7224,3200232,180.6
MAT030,PL007,40,1653,426474,41.325
MAT006,PL007,40,1372,373184,34.3
MAT008,PL003,40,3674,1271204,91.85
MAT040,PL006,40,5991,1060407,149.775
MAT002,PL008,40,3630,450120,90.75
MAT033,PL007,40,4908,1811052,122.7
MAT010,PL009,40,5170,2171400,129.25
MAT026,PL007,40,3830,421300,95.75
MAT029,PL007,40,7216,1594736,180.4
MAT046,PL001,40,6217,2480583,155.425
MAT004,PL007,40,5804,1149192,145.1
MAT017,PL004,40,7157,1631796,178.925
MAT010,PL001,40,5414,2273880,135.35
MAT006,PL003,40,1383,376176,34.575
MAT014,PL006,40,3495,408915,87.375
MAT032,PL004,40,3994,1326008,99.85
MAT022,PL002,40,5970,2465610,149.25
MAT024,PL008,40,1567,763129,39.175
MAT013,PL005,40,2580,206400,64.5
MAT007,PL010,40,2560,791040,64
MAT005,PL004,40,7182,1687770,179.55
MAT028,PL009,40,6016,1106944,150.4
MAT050,PL009,40,4042,388032,101.05
MAT050,PL010,40,3992,383232,99.8
MAT040,PL001,40,6322,1118994,158.05
MAT034,PL009,40,6026,2446556,150.65
MAT006,PL005,40,1373,373456,34.325
MAT020,PL006,40,3663,1241757,91.575
MAT030,PL006,40,1654,426732,41.35
MAT034,PL002,40,6194,2514764,154.85
MAT036,PL004,40,1678,805440,41.95
MAT005,PL002,40,7405,1740175,185.125
MAT032,PL002,40,3847,1277204,96.175
MAT038,PL002,40,3985,410455,99.625
MAT009,PL007,40,4723,1808909,118.075
MAT027,PL009,40,4910,721770,122.75
MAT044,PL005,40,3957,1286025,98.925
MAT028,PL004,40,6183,1137672,154.575
MAT045,PL004,40,5258,1903396,131.45
MAT017,PL008,40,7020,1600560,175.5
MAT030,PL009,40,1627,419766,40.675
MAT021,PL002,40,4983,1873608,124.575
MAT029,PL010,40,7423,1640483,185.575
MAT023,PL007,40,6800,3060000,170
MAT042,PL004,40,1674,420174,41.85
MAT049,PL007,40,2879,169861,71.975
MAT038,PL004,40,3887,400361,97.175
MAT037,PL006,40,2947,194502,73.675
MAT038,PL005,40,3942,406026,98.55
MAT042,PL002,40,1789,449039,44.725
MAT019,PL009,40,2514,759228,62.85
MAT049,PL010,40,3025,178475,75.625
MAT011,PL005,40,7111,3249727,177.775
MAT005,PL008,40,7235,1700225,180.875
MAT033,PL002,40,4818,1777842,120.45
MAT043,PL009,40,2787,802656,69.675
MAT028,PL002,40,5905,1086520,147.625
MAT027,PL008,40,4863,714861,121.575
MAT045,PL001,40,5122,1854164,128.05
MAT050,PL004,40,4119,395424,102.975
MAT041,PL008,40,7143,1528602,178.575
MAT028,PL005,40,5885,1082840,147.125
MAT020,PL002,40,3813,1292607,95.325
MAT006,PL004,40,1385,376720,34.625
MAT046,PL010,40,6318,2520882,157.95
MAT041,PL001,40,7201,1541014,180.025
MAT017,PL009,40,6817,1554276,170.425
MAT045,PL005,40,5109,1849458,127.725
MAT004,PL001,40,5630,1114740,140.75
MAT038,PL007,40,3884,400052,97.1
MAT029,PL006,40,6975,1541475,174.375
MAT001,PL010,40,2450,213150,61.25
MAT026,PL003,40,3788,416680,94.7
MAT049,PL001,40,3031,178829,75.775
MAT002,PL005,40,3641,451484,91.025
MAT005,PL006,40,7358,1729130,183.95
MAT021,PL005,40,4853,1824728,121.325
MAT008,PL007,40,3606,1247676,90.15
MAT042,PL007,40,1776,445776,44.4
MAT007,PL009,40,2583,798147,64.575
MAT039,PL001,40,4838,677320,120.95
MAT042,PL005,40,1703,427453,42.575
MAT022,PL009,40,6051,2499063,151.275
MAT021,PL009,40,4750,1786000,118.75
MAT031,PL009,40,2802,826590,70.05
MAT005,PL010,40,7472,1755920,186.8
MAT023,PL006,40,7157,3220650,178.925
MAT027,PL006,40,4746,697662,118.65
MAT040,PL002,40,6185,1094745,154.625
MAT001,PL005,40,2461,214107,61.525
MAT021,PL001,40,4887,1837512,122.175
MAT032,PL006,40,3894,1292808,97.35
MAT003,PL001,40,4663,750743,116.575
MAT031,PL006,40,2639,778505,65.975
MAT012,PL009,40,1402,692588,35.05
MAT048,PL006,40,1791,847143,44.775
MAT038,PL001,40,3936,405408,98.4
MAT022,PL006,40,6116,2525908,152.9
MAT018,PL004,40,1511,400415,37.775
MAT025,PL006,40,2609,190457,65.225
MAT017,PL010,40,6812,1553136,170.3
MAT027,PL005,40,4747,697809,118.675
MAT017,PL002,40,6916,1576848,172.9
MAT020,PL004,40,3659,1240401,91.475
MAT044,PL004,40,3911,1271075,97.775
MAT024,PL002,40,1549,754363,38.725
MAT042,PL006,40,1767,443517,44.175
MAT043,PL006,40,2984,859392,74.6
MAT012,PL002,40,1431,706914,35.775
MAT018,PL010,40,1479,391935,36.975
MAT012,PL006,40,1426,704444,35.65
MAT024,PL003,40,1565,762155,39.125
MAT044,PL008,40,3935,1278875,98.375
MAT048,PL005,40,1813,857549,45.325
MAT016,PL006,40,5638,1076858,140.95
MAT046,PL008,40,6453,2574747,161.325
MAT010,PL005,40,5328,2237760,133.2
MAT025,PL002,40,2745,200385,68.625
MAT016,PL007,40,5783,1104553,144.575
MAT002,PL001,40,3475,430900,86.875
MAT025,PL004,40,2647,193231,66.175
MAT050,PL003,40,3933,377568,98.325
MAT014,PL005,40,3606,421902,90.15
MAT030,PL010,40,1674,431892,41.85
MAT050,PL001,40,3908,375168,97.7
MAT033,PL006,40,5037,1858653,125.925
MAT021,PL008,40,4713,1772088,117.825
MAT035,PL003,40,7054,3124922,176.35
MAT024,PL004,40,1531,745597,38.275
MAT047,PL010,40,7384,3219424,184.6
MAT003,PL007,40,4552,732872,113.8
MAT031,PL003,40,2659,784405,66.475
MAT022,PL005,40,5810,2399530,145.25
MAT011,PL006,40,6940,3171580,173.5
MAT023,PL009,40,7147,3216150,178.675
MAT039,PL010,40,4908,687120,122.7
MAT001,PL001,40,2455,213585,61.375
MAT016,PL004,40,5830,1113530,145.75
MAT024,PL007,40,1596,777252,39.9
MAT007,PL008,40,2513,776517,62.825
MAT032,PL005,40,3884,1289488,97.1
MAT036,PL003,40,1688,810240,42.2
MAT029,PL002,40,7052,1558492,176.3
MAT026,PL006,40,3747,412170,93.675
MAT007,PL006,40,2466,761994,61.65
MAT040,PL010,40,6300,1115100,157.5
MAT049,PL005,40,2899,171041,72.475
MAT046,PL007,40,6339,2529261,158.475
MAT009,PL009,40,4808,1841464,120.2
MAT032,PL003,40,3987,1323684,99.675
MAT047,PL007,40,7416,3233376,185.4
MAT005,PL007,40,7184,1688240,179.6
MAT006,PL010,40,1370,372640,34.25
MAT013,PL009,40,2572,205760,64.3
MAT029,PL003,40,6975,1541475,174.375
MAT045,PL003,40,5209,1885658,130.225
MAT015,PL003,40,4615,710710,115.375
MAT033,PL001,40,4918,1814742,122.95
MAT021,PL010,40,4820,1812320,120.5
MAT044,PL007,40,3937,1279525,98.425
MAT006,PL009,40,1386,376992,34.65
MAT039,PL003,40,5013,701820,125.325
MAT046,PL003,40,6190,2469810,154.75
MAT011,PL009,40,7077,3234189,176.925
MAT025,PL005,40,2581,188413,64.525
MAT033,PL010,40,5137,1895553,128.425
MAT041,PL010,40,7038,1506132,175.95
MAT009,PL002,40,4616,1767928,115.4
MAT008,PL010,40,3521,1218266,88.025
MAT005,PL005,40,7199,1691765,179.975
MAT018,PL009,40,1534,406510,38.35
MAT040,PL009,40,6226,1102002,155.65
MAT004,PL003,40,5948,1177704,148.7
MAT031,PL010,40,2813,829835,70.325
MAT037,PL003,40,2781,183546,69.525
MAT041,PL005,40,7322,1566908,183.05
MAT023,PL010,40,7008,3153600,175.2
MAT015,PL001,40,4618,711172,115.45
MAT019,PL007,40,2581,779462,64.525
MAT037,PL009,40,2752,181632,68.8
MAT035,PL008,40,7246,3209978,181.15
MAT031,PL007,40,2778,819510,69.45
MAT020,PL005,40,3603,1221417,90.075
MAT034,PL006,40,5767,2341402,144.175
MAT046,PL002,40,6100,2433900,152.5
MAT018,PL003,40,1505,398825,37.625
MAT036,PL001,40,1739,834720,43.475
MAT041,PL003,40,7202,1541228,180.05
MAT029,PL001,40,7334,1620814,183.35
MAT013,PL002,40,2480,198400,62
MAT043,PL005,40,2907,837216,72.675
MAT032,PL009,40,3766,1250312,94.15
MAT034,PL008,40,6011,2440466,150.275
MAT025,PL009,40,2645,193085,66.125
MAT011,PL001,40,6780,3098460,169.5
MAT013,PL004,40,2583,206640,64.575
MAT015,PL008,40,4897,754138,122.425
MAT019,PL004,40,2626,793052,65.65
MAT013,PL006,40,2504,200320,62.6
MAT045,PL006,40,5074,1836788,126.85
MAT002,PL007,40,3593,445532,89.825
MAT016,PL008,40,5904,1127664,147.6
MAT044,PL002,40,3887,1263275,97.175
MAT019,PL003,40,2597,784294,64.925
MAT022,PL007,40,5956,2459828,148.9
MAT039,PL008,40,5107,714980,127.675
MAT034,PL003,40,6093,2473758,152.325
MAT024,PL005,40,1578,768486,39.45
MAT033,PL005,40,4956,1828764,123.9
MAT027,PL010,40,5046,741762,126.15
MAT045,PL002,40,5096,1844752,127.4
MAT045,PL007,40,5062,1832444,126.55
MAT038,PL010,40,3897,401391,97.425
MAT009,PL006,40,4628,1772524,115.7
MAT015,PL004,40,4694,722876,117.35
MAT001,PL002,40,2491,216717,62.275
MAT033,PL004,40,4898,1807362,122.45
MAT010,PL008,40,5230,2196600,130.75
MAT016,PL003,40,5808,1109328,145.2
MAT018,PL007,40,1495,396175,37.375
MAT023,PL001,40,7077,3184650,176.925
MAT001,PL009,40,2397,208539,59.925
MAT008,PL006,40,3589,1241794,89.725
MAT049,PL006,40,2827,166793,70.675
MAT025,PL007,40,2621,191333,65.525
MAT031,PL002,40,2693,794435,67.325
MAT007,PL002,40,2439,753651,60.975
MAT005,PL001,40,7127,1674845,178.175
MAT017,PL003,40,6789,1547892,169.725
MAT003,PL008,40,4595,739795,114.875
MAT006,PL001,40,1356,368832,33.9
MAT013,PL001,40,2541,203280,63.525
MAT034,PL007,40,5972,2424632,149.3
MAT017,PL006,40,6944,1583232,173.6
MAT025,PL008,40,2613,190749,65.325
MAT015,PL010,40,4681,720874,117.025
MAT041,PL006,40,7625,1631750,190.625
MAT007,PL007,40,2478,765702,61.95
MAT014,PL002,40,3701,433017,92.525
MAT019,PL008,40,2560,773120,64
MAT030,PL001,40,1605,414090,40.125
MAT050,PL007,40,4120,395520,103
MAT029,PL009,40,7151,1580371,178.775
MAT046,PL005,40,6198,2473002,154.95
MAT004,PL004,40,5622,1113156,140.55
MAT034,PL004,40,6212,2522072,155.3
MAT006,PL008,40,1356,368832,33.9
MAT048,PL010,40,1844,872212,46.1
MAT013,PL007,40,2641,211280,66.025
MAT036,PL005,40,1731,830880,43.275
MAT013,PL003,40,2515,201200,62.875
MAT027,PL002,40,4975,731325,124.375
MAT043,PL001,40,2836,816768,70.9
MAT048,PL008,40,1806,854238,45.15
MAT043,PL002,40,2914,839232,72.85
MAT037,PL005,40,2839,187374,70.975
MAT020,PL007,40,3758,1273962,93.95
