material_id,plant_id,unrestricted_stock,quality_stock,blocked_stock,safety_stock,reorder_point,inventory_vs_safety_stock,inventory_vs_reorder_point,inventory_risk
MAT001,PL003,20779,0,0,311,1310,20468,19469,HEALTHY
MAT002,PL010,22303,0,0,454,1048,21849,21255,HEALTHY
MAT008,PL001,5617,0,0,462,1892,5155,3725,HEALTHY
MAT009,PL005,726,0,0,605,2405,121,-1679,BELOW_REORDER_POINT
MAT010,PL003,7304,0,0,748,3418,6556,3886,HEALTHY
MAT014,PL008,18533,0,0,471,1423,18062,17110,HEALTHY
MAT015,PL009,18870,0,0,614,1125,18256,17745,HEALTHY
MAT016,PL001,7076,0,0,756,2376,6320,4700,HEALTHY
MAT016,PL002,14944,0,0,756,2646,14188,12298,HEALTHY
MAT017,PL005,1078,0,0,899,2718,179,-1640,BELOW_REORDER_POINT
MAT020,PL003,12851,0,0,479,1619,12372,11232,HEALTHY
MAT021,PL006,19284,0,0,622,1806,18662,17478,HEALTHY
MAT024,PL006,25387,0,0,202,802,25185,24585,HEALTHY
MAT026,PL002,20101,0,0,488,1126,19613,18975,HEALTHY
MAT026,PL008,21350,0,0,488,2170,20862,19180,HEALTHY
MAT027,PL003,8021,0,0,630,2505,7391,5516,HEALTHY
MAT029,PL004,1099,0,0,916,3750,183,-2651,BELOW_REORDER_POINT
MAT030,PL002,21510,0,0,210,385,21300,21125,HEALTHY
MAT031,PL004,21639,0,0,353,1361,21286,20278,HEALTHY
MAT032,PL007,19259,0,0,496,1676,18763,17583,HEALTHY
MAT032,PL010,22652,0,0,496,2207,22156,20445,HEALTHY
MAT033,PL009,15904,0,0,639,1627,15265,14277,HEALTHY
MAT034,PL001,11647,0,0,782,3014,10865,8633,HEALTHY
MAT036,PL010,23052,0,0,219,869,22833,22183,HEALTHY
MAT039,PL007,776,0,0,647,2572,129,-1796,BELOW_REORDER_POINT
MAT042,PL003,24275,0,0,227,821,24048,23454,HEALTHY
MAT042,PL008,24659,0,0,227,578,24432,24081,HEALTHY
MAT043,PL004,21544,0,0,370,898,21174,20646,HEALTHY
MAT044,PL006,21141,0,0,513,2282,20628,18859,HEALTHY
MAT045,PL008,14378,0,0,656,2372,13722,12006,HEALTHY
MAT045,PL010,15083,0,0,656,2840,14427,12243,HEALTHY
MAT047,PL009,1720,0,0,941,3517,779,-1797,BELOW_REORDER_POINT
MAT049,PL002,453,0,0,378,1458,75,-1005,BELOW_REORDER_POINT
MAT049,PL004,453,0,0,378,1728,75,-1275,BELOW_REORDER_POINT
MAT003,PL003,14348,0,0,597,2372,13751,11976,HEALTHY
MAT003,PL005,16844,0,0,597,1094,16247,15750,HEALTHY
MAT004,PL002,17418,0,0,740,1532,16678,15886,HEALTHY
MAT005,PL003,11866,0,0,882,3297,10984,8569,HEALTHY
MAT008,PL005,9691,0,0,462,1232,9229,8459,HEALTHY
MAT008,PL008,11729,0,0,462,1727,11267,10002,HEALTHY
MAT009,PL008,726,0,0,605,1325,121,-599,BELOW_REORDER_POINT
MAT011,PL010,9753,0,0,891,2375,8862,7378,HEALTHY
MAT012,PL004,25207,0,0,185,339,25022,24868,HEALTHY
MAT012,PL007,23775,0,0,185,537,23590,23238,HEALTHY
MAT012,PL008,21274,0,0,185,603,21089,20671,HEALTHY
MAT013,PL010,21457,0,0,328,796,21129,20661,HEALTHY
MAT014,PL001,20486,0,0,471,1591,20015,18895,HEALTHY
MAT014,PL010,20555,0,0,471,1759,20084,18796,HEALTHY
MAT015,PL002,20923,0,0,614,1344,20309,19579,HEALTHY
MAT015,PL007,16818,0,0,614,2439,16204,14379,HEALTHY
MAT018,PL005,14030,0,0,194,838,13836,13192,HEALTHY
MAT019,PL010,168,0,0,336,1536,-168,-1368,BELOW_SAFETY_STOCK
MAT020,PL001,17062,0,0,479,1277,16583,15785,HEALTHY
MAT020,PL008,16311,0,0,479,1106,15832,15205,HEALTHY
MAT021,PL003,18334,0,0,622,1140,17712,17194,HEALTHY
MAT022,PL004,16564,0,0,765,2676,15799,13888,HEALTHY
MAT025,PL001,24103,0,0,345,1206,23758,22897,HEALTHY
MAT027,PL004,3402,0,0,630,2730,2772,672,HEALTHY
MAT029,PL005,1099,0,0,916,4077,183,-2978,BELOW_REORDER_POINT
MAT029,PL008,1099,0,0,916,2442,183,-1343,BELOW_REORDER_POINT
MAT034,PL005,15331,0,0,782,1898,14549,13433,HEALTHY
MAT036,PL007,24756,0,0,219,635,24537,24121,HEALTHY
MAT039,PL009,776,0,0,647,1186,129,-410,BELOW_REORDER_POINT
MAT042,PL001,22267,0,0,227,659,22040,21608,HEALTHY
MAT043,PL010,21334,0,0,370,1690,20964,19644,HEALTHY
MAT046,PL006,14528,0,0,798,3363,13730,11165,HEALTHY
MAT048,PL001,14152,0,0,236,516,13916,13636,HEALTHY
MAT048,PL004,13206,0,0,236,768,12970,12438,HEALTHY
MAT049,PL009,453,0,0,378,1323,75,-870,BELOW_REORDER_POINT
MAT001,PL006,23960,0,0,311,755,23649,23205,HEALTHY
MAT001,PL008,25900,0,0,311,977,25589,24923,HEALTHY
MAT003,PL006,17433,0,0,597,1307,16836,16126,HEALTHY
MAT003,PL010,16824,0,0,597,2159,16227,14665,HEALTHY
MAT004,PL006,16575,0,0,740,2588,15835,13987,HEALTHY
MAT008,PL002,10579,0,0,462,2057,10117,8522,HEALTHY
MAT008,PL009,9732,0,0,462,1892,9270,7840,HEALTHY
MAT011,PL003,10312,0,0,891,2693,9421,7619,HEALTHY
MAT011,PL007,15652,0,0,891,3965,14761,11687,HEALTHY
MAT012,PL003,24342,0,0,185,801,24157,23541,HEALTHY
MAT012,PL010,22279,0,0,185,735,22094,21544,HEALTHY
MAT017,PL001,2650,0,0,899,4002,1751,-1352,BELOW_REORDER_POINT
MAT018,PL006,11948,0,0,194,355,11754,11593,HEALTHY
MAT021,PL007,20493,0,0,622,2028,19871,18465,HEALTHY
MAT023,PL002,13520,0,0,908,3716,12612,9804,HEALTHY
MAT024,PL009,28436,0,0,202,442,28234,27994,HEALTHY
MAT026,PL009,22443,0,0,488,952,21955,21491,HEALTHY
MAT027,PL007,7591,0,0,630,1605,6961,5986,HEALTHY
MAT028,PL007,6334,0,0,773,2981,5561,3353,HEALTHY
MAT032,PL008,20518,0,0,496,1853,20022,18665,HEALTHY
MAT034,PL010,16395,0,0,782,3293,15613,13102,HEALTHY
MAT035,PL005,9868,0,0,924,3454,8944,6414,HEALTHY
MAT036,PL002,24050,0,0,219,869,23831,23181,HEALTHY
MAT036,PL006,23801,0,0,219,557,23582,23244,HEALTHY
MAT037,PL002,11933,0,0,362,878,11571,11055,HEALTHY
MAT037,PL004,10345,0,0,362,1136,9983,9209,HEALTHY
MAT037,PL007,8370,0,0,362,1523,8008,6847,HEALTHY
MAT040,PL005,7327,0,0,790,3610,6537,3717,HEALTHY
MAT041,PL002,15719,0,0,933,1821,14786,13898,HEALTHY
MAT042,PL009,25658,0,0,227,659,25431,24999,HEALTHY
MAT043,PL003,18816,0,0,370,766,18446,18050,HEALTHY
MAT043,PL007,22998,0,0,370,1294,22628,21704,HEALTHY
MAT044,PL009,19377,0,0,513,1367,18864,18010,HEALTHY
MAT044,PL010,15885,0,0,513,1550,15372,14335,HEALTHY
MAT046,PL009,13258,0,0,798,1938,12460,11320,HEALTHY
MAT048,PL002,14806,0,0,236,600,14570,14206,HEALTHY
MAT048,PL009,13444,0,0,236,516,13208,12928,HEALTHY
MAT001,PL007,20410,0,0,311,866,20099,19544,HEALTHY
MAT002,PL004,20862,0,0,454,1372,20408,19490,HEALTHY
MAT007,PL004,13301,0,0,320,1232,12981,12069,HEALTHY
MAT008,PL004,9046,0,0,462,1067,8584,7979,HEALTHY
MAT009,PL001,302,0,0,605,1541,-303,-1239,BELOW_SAFETY_STOCK
MAT009,PL003,726,0,0,605,1973,121,-1247,BELOW_REORDER_POINT
MAT010,PL006,14359,0,0,748,2083,13611,12276,HEALTHY
MAT011,PL002,15728,0,0,891,2375,14837,13353,HEALTHY
MAT015,PL005,19195,0,0,614,2001,18581,17194,HEALTHY
MAT016,PL005,14360,0,0,756,3456,13604,10904,HEALTHY
MAT019,PL006,403,0,0,336,1056,67,-653,BELOW_REORDER_POINT
MAT023,PL008,10912,0,0,908,3068,10004,7844,HEALTHY
MAT024,PL001,25143,0,0,202,442,24941,24701,HEALTHY
MAT025,PL010,24130,0,0,345,1329,23785,22801,HEALTHY
MAT026,PL005,22700,0,0,488,1648,22212,21052,HEALTHY
MAT026,PL010,18915,0,0,488,1126,18427,17789,HEALTHY
MAT027,PL001,6670,0,0,630,2055,6040,4615,HEALTHY
MAT028,PL003,6679,0,0,773,1877,5906,4802,HEALTHY
MAT030,PL004,19928,0,0,210,535,19718,19393,HEALTHY
MAT033,PL008,19134,0,0,639,1399,18495,17735,HEALTHY
MAT035,PL002,11664,0,0,924,2464,10740,9200,HEALTHY
MAT036,PL009,22151,0,0,219,791,21932,21360,HEALTHY
MAT039,PL004,776,0,0,647,1879,129,-1103,BELOW_REORDER_POINT
MAT040,PL007,9989,0,0,790,1918,9199,8071,HEALTHY
MAT041,PL004,13038,0,0,933,2487,12105,10551,HEALTHY
MAT042,PL010,25782,0,0,227,740,25555,25042,HEALTHY
MAT044,PL003,18292,0,0,513,1733,17779,16559,HEALTHY
MAT047,PL002,3380,0,0,941,3853,2439,-473,BELOW_REORDER_POINT
MAT047,PL003,1129,0,0,941,4189,188,-3060,BELOW_REORDER_POINT
MAT050,PL008,14915,0,0,521,2319,14394,12596,HEALTHY
MAT002,PL003,20265,0,0,454,1210,19811,19055,HEALTHY
MAT002,PL006,22956,0,0,454,1696,22502,21260,HEALTHY
MAT003,PL002,17740,0,0,597,2159,17143,15581,HEALTHY
MAT004,PL008,18865,0,0,740,3116,18125,15749,HEALTHY
MAT004,PL009,15069,0,0,740,3380,14329,11689,HEALTHY
MAT004,PL010,16372,0,0,740,1532,15632,14840,HEALTHY
MAT005,PL009,12953,0,0,882,2667,12071,10286,HEALTHY
MAT011,PL004,16349,0,0,891,3011,15458,13338,HEALTHY
MAT012,PL001,22296,0,0,185,669,22111,21627,HEALTHY
MAT016,PL010,14096,0,0,756,2646,13340,11450,HEALTHY
MAT019,PL005,403,0,0,336,936,67,-533,BELOW_REORDER_POINT
MAT022,PL001,18120,0,0,765,1857,17355,16263,HEALTHY
MAT022,PL010,13628,0,0,765,2130,12863,11498,HEALTHY
MAT024,PL010,24984,0,0,202,514,24782,24470,HEALTHY
MAT026,PL001,19050,0,0,488,952,18562,18098,HEALTHY
MAT028,PL006,5577,0,0,773,2705,4804,2872,HEALTHY
MAT030,PL008,19535,0,0,210,835,19325,18700,HEALTHY
MAT031,PL001,23185,0,0,353,983,22832,22202,HEALTHY
MAT031,PL008,21286,0,0,353,857,20933,20429,HEALTHY
MAT032,PL001,18004,0,0,496,2030,17508,15974,HEALTHY
MAT035,PL010,15133,0,0,924,2464,14209,12669,HEALTHY
MAT038,PL003,8131,0,0,504,2064,7627,6067,HEALTHY
MAT039,PL006,776,0,0,647,2341,129,-1565,BELOW_REORDER_POINT
MAT040,PL004,13902,0,0,790,3328,13112,10574,HEALTHY
MAT044,PL001,20593,0,0,513,1367,20080,19226,HEALTHY
MAT046,PL004,17375,0,0,798,2793,16577,14582,HEALTHY
MAT047,PL001,2263,0,0,941,3517,1322,-1254,BELOW_REORDER_POINT
MAT048,PL003,12610,0,0,236,684,12374,11926,HEALTHY
MAT049,PL008,453,0,0,378,1188,75,-735,BELOW_REORDER_POINT
MAT003,PL009,12536,0,0,597,1946,11939,10590,HEALTHY
MAT004,PL005,15590,0,0,740,2324,14850,13266,HEALTHY
MAT006,PL002,19050,0,0,177,324,18873,18726,HEALTHY
MAT006,PL006,23642,0,0,177,576,23465,23066,HEALTHY
MAT007,PL005,11299,0,0,320,1346,10979,9953,HEALTHY
MAT009,PL004,726,0,0,605,2189,121,-1463,BELOW_REORDER_POINT
MAT010,PL004,15105,0,0,748,1549,14357,13556,HEALTHY
MAT011,PL008,13406,0,0,891,1739,12515,11667,HEALTHY
MAT014,PL004,23607,0,0,471,2095,23136,21512,HEALTHY
MAT014,PL007,22247,0,0,471,1255,21776,20992,HEALTHY
MAT015,PL006,15775,0,0,614,2220,15161,13555,HEALTHY
MAT016,PL009,17722,0,0,756,2376,16966,15346,HEALTHY
MAT017,PL007,3052,0,0,899,3360,2153,-308,BELOW_REORDER_POINT
MAT018,PL001,14382,0,0,194,562,14188,13820,HEALTHY
MAT019,PL002,403,0,0,336,1536,67,-1133,BELOW_REORDER_POINT
MAT020,PL010,19749,0,0,479,1448,19270,18301,HEALTHY
MAT022,PL003,15763,0,0,765,2403,14998,13360,HEALTHY
MAT022,PL008,16105,0,0,765,1584,15340,14521,HEALTHY
MAT023,PL003,14113,0,0,908,4040,13205,10073,HEALTHY
MAT023,PL004,10985,0,0,908,1772,10077,9213,HEALTHY
MAT023,PL005,12390,0,0,908,2096,11482,10294,HEALTHY
MAT028,PL010,5104,0,0,773,1601,4331,3503,HEALTHY
MAT033,PL003,14815,0,0,639,2083,14176,12732,HEALTHY
MAT035,PL001,10945,0,0,924,2134,10021,8811,HEALTHY
MAT035,PL007,12352,0,0,924,4114,11428,8238,HEALTHY
MAT037,PL001,8508,0,0,362,749,8146,7759,HEALTHY
MAT037,PL008,12455,0,0,362,1652,12093,10803,HEALTHY
MAT038,PL006,10149,0,0,504,1164,9645,8985,HEALTHY
MAT040,PL003,10363,0,0,790,3046,9573,7317,HEALTHY
MAT041,PL009,13352,0,0,933,4152,12419,9200,HEALTHY
MAT045,PL009,18949,0,0,656,2606,18293,16343,HEALTHY
MAT047,PL004,4128,0,0,941,1837,3187,2291,HEALTHY
MAT047,PL005,2104,0,0,941,2173,1163,-69,BELOW_REORDER_POINT
MAT050,PL005,17403,0,0,521,1761,16882,15642,HEALTHY
MAT001,PL004,21854,0,0,311,1421,21543,20433,HEALTHY
MAT002,PL002,19318,0,0,454,1048,18864,18270,HEALTHY
MAT002,PL009,21430,0,0,454,886,20976,20544,HEALTHY
MAT003,PL004,16383,0,0,597,2585,15786,13798,HEALTHY
MAT007,PL001,11269,0,0,320,890,10949,10379,HEALTHY
MAT007,PL003,9889,0,0,320,1118,9569,8771,HEALTHY
MAT009,PL010,302,0,0,605,1757,-303,-1455,BELOW_SAFETY_STOCK
MAT010,PL002,14417,0,0,748,3151,13669,11266,HEALTHY
MAT010,PL007,17556,0,0,748,2350,16808,15206,HEALTHY
MAT010,PL010,13601,0,0,748,3151,12853,10450,HEALTHY
MAT012,PL005,26376,0,0,185,405,26191,25971,HEALTHY
MAT013,PL008,19363,0,0,328,1498,19035,17865,HEALTHY
MAT014,PL003,17957,0,0,471,1927,17486,16030,HEALTHY
MAT014,PL009,19382,0,0,471,1591,18911,17791,HEALTHY
MAT018,PL002,12240,0,0,194,631,12046,11609,HEALTHY
MAT018,PL008,13106,0,0,194,493,12912,12613,HEALTHY
MAT019,PL001,168,0,0,336,1416,-168,-1248,BELOW_SAFETY_STOCK
MAT020,PL009,15755,0,0,479,1277,15276,14478,HEALTHY
MAT021,PL004,17110,0,0,622,1362,16488,15748,HEALTHY
MAT025,PL003,21568,0,0,345,1452,21223,20116,HEALTHY
MAT026,PL004,17432,0,0,488,1474,16944,15958,HEALTHY
MAT028,PL001,5779,0,0,773,3533,5006,2246,HEALTHY
MAT028,PL008,4235,0,0,773,3257,3462,978,HEALTHY
MAT030,PL003,26069,0,0,210,460,25859,25609,HEALTHY
MAT030,PL005,23486,0,0,210,610,23276,22876,HEALTHY
MAT030,PL007,18904,0,0,210,760,18694,18144,HEALTHY
MAT031,PL005,18363,0,0,353,1487,18010,16876,HEALTHY
MAT035,PL004,10314,0,0,924,3124,9390,7190,HEALTHY
MAT035,PL006,15736,0,0,924,3784,14812,11952,HEALTHY
MAT035,PL009,13952,0,0,924,2134,13028,11818,HEALTHY
MAT036,PL008,24874,0,0,219,713,24655,24161,HEALTHY
MAT037,PL010,11208,0,0,362,878,10846,10330,HEALTHY
MAT038,PL008,8624,0,0,504,1524,8120,7100,HEALTHY
MAT038,PL009,9107,0,0,504,1704,8603,7403,HEALTHY
MAT039,PL002,776,0,0,647,1417,129,-641,BELOW_REORDER_POINT
MAT039,PL005,776,0,0,647,2110,129,-1334,BELOW_REORDER_POINT
MAT040,PL008,18022,0,0,790,2200,17232,15822,HEALTHY
MAT041,PL007,11686,0,0,933,3486,10753,8200,HEALTHY
MAT043,PL008,23979,0,0,370,1426,23609,22553,HEALTHY
MAT047,PL006,1129,0,0,941,2509,188,-1380,BELOW_REORDER_POINT
MAT047,PL008,1614,0,0,941,3181,673,-1567,BELOW_REORDER_POINT
MAT048,PL007,12154,0,0,236,1020,11918,11134,HEALTHY
MAT049,PL003,453,0,0,378,1593,75,-1140,BELOW_REORDER_POINT
MAT050,PL002,13928,0,0,521,1203,13407,12725,HEALTHY
MAT050,PL006,13148,0,0,521,1947,12627,11201,HEALTHY
MAT002,PL008,20193,0,0,454,2020,19739,18173,HEALTHY
MAT004,PL007,13099,0,0,740,2852,12359,10247,HEALTHY
MAT006,PL003,25242,0,0,177,387,25065,24855,HEALTHY
MAT006,PL007,19835,0,0,177,639,19658,19196,HEALTHY
MAT008,PL003,8395,0,0,462,902,7933,7493,HEALTHY
MAT010,PL001,16189,0,0,748,2884,15441,13305,HEALTHY
MAT010,PL009,8406,0,0,748,2884,7658,5522,HEALTHY
MAT014,PL006,16929,0,0,471,1087,16458,15842,HEALTHY
MAT017,PL004,1316,0,0,899,2397,417,-1081,BELOW_REORDER_POINT
MAT022,PL002,9941,0,0,765,2130,9176,7811,HEALTHY
MAT024,PL008,22952,0,0,202,370,22750,22582,HEALTHY
MAT026,PL007,20181,0,0,488,1996,19693,18185,HEALTHY
MAT029,PL007,1099,0,0,916,2115,183,-1016,BELOW_REORDER_POINT
MAT032,PL004,20617,0,0,496,1145,20121,19472,HEALTHY
MAT033,PL007,14112,0,0,639,1171,13473,12941,HEALTHY
MAT040,PL006,12244,0,0,790,1636,11454,10608,HEALTHY
MAT046,PL001,14392,0,0,798,1938,13594,12454,HEALTHY
MAT005,PL002,15344,0,0,882,2982,14462,12362,HEALTHY
MAT005,PL004,13259,0,0,882,3612,12377,9647,HEALTHY
MAT006,PL005,22731,0,0,177,513,22554,22218,HEALTHY
MAT007,PL010,11240,0,0,320,1004,10920,10236,HEALTHY
MAT009,PL007,726,0,0,605,1109,121,-383,BELOW_REORDER_POINT
MAT013,PL005,20905,0,0,328,1147,20577,19758,HEALTHY
MAT017,PL008,1254,0,0,899,3681,355,-2427,BELOW_REORDER_POINT
MAT020,PL006,20312,0,0,479,2132,19833,18180,HEALTHY
MAT021,PL002,15102,0,0,622,2694,14480,12408,HEALTHY
MAT023,PL007,14632,0,0,908,2744,13724,11888,HEALTHY
MAT027,PL009,8886,0,0,630,2055,8256,6831,HEALTHY
MAT028,PL004,4207,0,0,773,2153,3434,2054,HEALTHY
MAT028,PL009,4793,0,0,773,3533,4020,1260,HEALTHY
MAT029,PL010,1099,0,0,916,3096,183,-1997,BELOW_REORDER_POINT
MAT030,PL006,21747,0,0,210,685,21537,21062,HEALTHY
MAT030,PL009,23035,0,0,210,910,22825,22125,HEALTHY
MAT032,PL002,18941,0,0,496,2207,18445,16734,HEALTHY
MAT034,PL002,16987,0,0,782,3293,16205,13694,HEALTHY
MAT034,PL009,15216,0,0,782,3014,14434,12202,HEALTHY
MAT036,PL004,26228,0,0,219,401,26009,25827,HEALTHY
MAT037,PL006,11157,0,0,362,1394,10795,9763,HEALTHY
MAT038,PL002,10237,0,0,504,1884,9733,8353,HEALTHY
MAT038,PL004,8917,0,0,504,2244,8413,6673,HEALTHY
MAT040,PL001,10496,0,0,790,2482,9706,8014,HEALTHY
MAT042,PL004,25454,0,0,227,902,25227,24552,HEALTHY
MAT044,PL005,20112,0,0,513,2099,19599,18013,HEALTHY
MAT045,PL004,17895,0,0,656,1436,17239,16459,HEALTHY
MAT049,PL007,453,0,0,378,1053,75,-600,BELOW_REORDER_POINT
MAT050,PL009,13432,0,0,521,1017,12911,12415,HEALTHY
MAT050,PL010,14317,0,0,521,1203,13796,13114,HEALTHY
MAT001,PL010,17712,0,0,311,1199,17401,16513,HEALTHY
MAT004,PL001,16539,0,0,740,3380,15799,13159,HEALTHY
MAT005,PL008,8604,0,0,882,2352,7722,6252,HEALTHY
MAT006,PL004,26223,0,0,177,450,26046,25773,HEALTHY
MAT011,PL005,13604,0,0,891,3329,12713,10275,HEALTHY
MAT017,PL009,2253,0,0,899,4002,1354,-1749,BELOW_REORDER_POINT
MAT019,PL009,403,0,0,336,1416,67,-1013,BELOW_REORDER_POINT
MAT020,PL002,12063,0,0,479,1448,11584,10615,HEALTHY
MAT026,PL003,20826,0,0,488,1300,20338,19526,HEALTHY
MAT027,PL008,5686,0,0,630,1830,5056,3856,HEALTHY
MAT028,PL002,3578,0,0,773,1601,2805,1977,HEALTHY
MAT028,PL005,5391,0,0,773,2429,4618,2962,HEALTHY
MAT029,PL006,1099,0,0,916,1788,183,-689,BELOW_REORDER_POINT
MAT033,PL002,18369,0,0,639,1855,17730,16514,HEALTHY
MAT038,PL005,9395,0,0,504,984,8891,8411,HEALTHY
MAT038,PL007,7995,0,0,504,1344,7491,6651,HEALTHY
MAT041,PL001,14576,0,0,933,4152,13643,10424,HEALTHY
MAT041,PL008,17086,0,0,933,3819,16153,13267,HEALTHY
MAT042,PL002,23254,0,0,227,740,23027,22514,HEALTHY
MAT043,PL009,16434,0,0,370,1558,16064,14876,HEALTHY
MAT045,PL001,15212,0,0,656,2606,14556,12606,HEALTHY
MAT045,PL005,19178,0,0,656,1670,18522,17508,HEALTHY
MAT046,PL010,14053,0,0,798,2223,13255,11830,HEALTHY
MAT049,PL001,453,0,0,378,1323,75,-870,BELOW_REORDER_POINT
MAT049,PL010,453,0,0,378,1458,75,-1005,BELOW_REORDER_POINT
MAT050,PL004,11050,0,0,521,1575,10529,9475,HEALTHY
MAT001,PL005,17736,0,0,311,644,17425,17092,HEALTHY
MAT002,PL005,17216,0,0,454,1534,16762,15682,HEALTHY
MAT003,PL001,17103,0,0,597,1946,16506,15157,HEALTHY
MAT005,PL006,14877,0,0,882,1722,13995,13155,HEALTHY
MAT005,PL010,14088,0,0,882,2982,13206,11106,HEALTHY
MAT007,PL009,10602,0,0,320,890,10282,9712,HEALTHY
MAT008,PL007,8196,0,0,462,1562,7734,6634,HEALTHY
MAT012,PL009,25831,0,0,185,669,25646,25162,HEALTHY
MAT017,PL002,618,0,0,899,1755,-281,-1137,BELOW_SAFETY_STOCK
MAT017,PL010,2854,0,0,899,1755,1955,1099,HEALTHY
MAT018,PL004,13432,0,0,194,769,13238,12663,HEALTHY
MAT021,PL001,18810,0,0,622,2472,18188,16338,HEALTHY
MAT021,PL005,18317,0,0,622,1584,17695,16733,HEALTHY
MAT021,PL009,17962,0,0,622,2472,17340,15490,HEALTHY
MAT022,PL006,13645,0,0,765,3222,12880,10423,HEALTHY
MAT022,PL009,16730,0,0,765,1857,15965,14873,HEALTHY
MAT023,PL006,9631,0,0,908,2420,8723,7211,HEALTHY
MAT025,PL006,20268,0,0,345,837,19923,19431,HEALTHY
MAT027,PL005,6846,0,0,630,1155,6216,5691,HEALTHY
MAT027,PL006,7441,0,0,630,1380,6811,6061,HEALTHY
MAT031,PL006,23927,0,0,353,1613,23574,22314,HEALTHY
MAT031,PL009,22055,0,0,353,983,21702,21072,HEALTHY
MAT032,PL006,14141,0,0,496,1499,13645,12642,HEALTHY
MAT038,PL001,7046,0,0,504,1704,6542,5342,HEALTHY
MAT039,PL001,776,0,0,647,1186,129,-410,BELOW_REORDER_POINT
MAT040,PL002,16223,0,0,790,2764,15433,13459,HEALTHY
MAT042,PL005,19870,0,0,227,983,19643,18887,HEALTHY
MAT042,PL007,23704,0,0,227,497,23477,23207,HEALTHY
MAT048,PL006,11708,0,0,236,936,11472,10772,HEALTHY
MAT002,PL001,18109,0,0,454,886,17655,17223,HEALTHY
MAT003,PL007,18734,0,0,597,1520,18137,17214,HEALTHY
MAT010,PL005,15800,0,0,748,1816,15052,13984,HEALTHY
MAT012,PL002,27880,0,0,185,735,27695,27145,HEALTHY
MAT012,PL006,27329,0,0,185,471,27144,26858,HEALTHY
MAT014,PL005,20223,0,0,471,919,19752,19304,HEALTHY
MAT016,PL006,14025,0,0,756,1566,13269,12459,HEALTHY
MAT016,PL007,16078,0,0,756,1836,15322,14242,HEALTHY
MAT018,PL010,14341,0,0,194,631,14147,13710,HEALTHY
MAT020,PL004,18350,0,0,479,1790,17871,16560,HEALTHY
MAT021,PL008,15796,0,0,622,2250,15174,13546,HEALTHY
MAT024,PL002,21579,0,0,202,514,21377,21065,HEALTHY
MAT024,PL003,27033,0,0,202,586,26831,26447,HEALTHY
MAT024,PL004,23585,0,0,202,658,23383,22927,HEALTHY
MAT025,PL002,20557,0,0,345,1329,20212,19228,HEALTHY
MAT025,PL004,22723,0,0,345,1575,22378,21148,HEALTHY
MAT030,PL010,21203,0,0,210,385,20993,20818,HEALTHY
MAT033,PL006,17370,0,0,639,2767,16731,14603,HEALTHY
MAT035,PL003,13121,0,0,924,2794,12197,10327,HEALTHY
MAT042,PL006,27238,0,0,227,416,27011,26822,HEALTHY
MAT043,PL006,21673,0,0,370,1162,21303,20511,HEALTHY
MAT044,PL004,23720,0,0,513,1916,23207,21804,HEALTHY
MAT044,PL008,23111,0,0,513,1184,22598,21927,HEALTHY
MAT046,PL008,11813,0,0,798,1653,11015,10160,HEALTHY
MAT047,PL010,1129,0,0,941,3853,188,-2724,BELOW_REORDER_POINT
MAT048,PL005,13772,0,0,236,852,13536,12920,HEALTHY
MAT050,PL001,19989,0,0,521,1017,19468,18972,HEALTHY
MAT050,PL003,17408,0,0,521,1389,16887,16019,HEALTHY
MAT001,PL001,18779,0,0,311,1088,18468,17691,HEALTHY
MAT005,PL007,11709,0,0,882,2037,10827,9672,HEALTHY
MAT006,PL009,22144,0,0,177,765,21967,21379,HEALTHY
MAT006,PL010,27662,0,0,177,324,27485,27338,HEALTHY
MAT007,PL006,9580,0,0,320,1460,9260,8120,HEALTHY
MAT007,PL008,12850,0,0,320,776,12530,12074,HEALTHY
MAT009,PL009,726,0,0,605,1541,121,-815,BELOW_REORDER_POINT
MAT011,PL006,14931,0,0,891,3647,14040,11284,HEALTHY
MAT013,PL009,20360,0,0,328,679,20032,19681,HEALTHY
MAT015,PL003,17605,0,0,614,1563,16991,16042,HEALTHY
MAT016,PL004,13029,0,0,756,3186,12273,9843,HEALTHY
MAT021,PL010,18807,0,0,622,2694,18185,16113,HEALTHY
MAT022,PL005,17773,0,0,765,2949,17008,14824,HEALTHY
MAT023,PL009,15908,0,0,908,3392,15000,12516,HEALTHY
MAT024,PL007,26410,0,0,202,874,26208,25536,HEALTHY
MAT026,PL006,19362,0,0,488,1822,18874,17540,HEALTHY
MAT029,PL002,1099,0,0,916,3096,183,-1997,BELOW_REORDER_POINT
MAT029,PL003,1099,0,0,916,3423,183,-2324,BELOW_REORDER_POINT
MAT031,PL003,25433,0,0,353,1235,25080,24198,HEALTHY
MAT032,PL003,19646,0,0,496,968,19150,18678,HEALTHY
MAT032,PL005,17321,0,0,496,1322,16825,15999,HEALTHY
MAT033,PL001,17184,0,0,639,1627,16545,15557,HEALTHY
MAT036,PL003,16639,0,0,219,947,16420,15692,HEALTHY
MAT039,PL003,776,0,0,647,1648,129,-872,BELOW_REORDER_POINT
MAT039,PL010,776,0,0,647,1417,129,-641,BELOW_REORDER_POINT
MAT040,PL010,14332,0,0,790,2764,13542,11568,HEALTHY
MAT044,PL007,17621,0,0,513,1001,17108,16620,HEALTHY
MAT045,PL003,15208,0,0,656,1202,14552,14006,HEALTHY
MAT046,PL007,9910,0,0,798,3648,9112,6262,HEALTHY
MAT047,PL007,2926,0,0,941,2845,1985,81,HEALTHY
MAT049,PL005,453,0,0,378,783,75,-330,BELOW_REORDER_POINT
MAT004,PL003,13372,0,0,740,1796,12632,11576,HEALTHY
MAT005,PL005,14210,0,0,882,3927,13328,10283,HEALTHY
MAT008,PL010,10138,0,0,462,2057,9676,8081,HEALTHY
MAT009,PL002,302,0,0,605,1757,-303,-1455,BELOW_SAFETY_STOCK
MAT011,PL009,5688,0,0,891,2057,4797,3631,HEALTHY
MAT015,PL001,20130,0,0,614,1125,19516,19005,HEALTHY
MAT018,PL003,12852,0,0,194,700,12658,12152,HEALTHY
MAT018,PL009,13639,0,0,194,562,13445,13077,HEALTHY
MAT019,PL007,403,0,0,336,1176,67,-773,BELOW_REORDER_POINT
MAT020,PL005,16787,0,0,479,1961,16308,14826,HEALTHY
MAT023,PL010,12670,0,0,908,3716,11762,8954,HEALTHY
MAT025,PL005,23840,0,0,345,714,23495,23126,HEALTHY
MAT029,PL001,1099,0,0,916,2769,183,-1670,BELOW_REORDER_POINT
MAT031,PL007,20133,0,0,353,731,19780,19402,HEALTHY
MAT031,PL010,23018,0,0,353,1109,22665,21909,HEALTHY
MAT033,PL010,13513,0,0,639,1855,12874,11658,HEALTHY
MAT034,PL006,17280,0,0,782,2177,16498,15103,HEALTHY
MAT035,PL008,13161,0,0,924,1804,12237,11357,HEALTHY
MAT036,PL001,23151,0,0,219,791,22932,22360,HEALTHY
MAT037,PL003,7184,0,0,362,1007,6822,6177,HEALTHY
MAT037,PL009,10619,0,0,362,749,10257,9870,HEALTHY
MAT040,PL009,11389,0,0,790,2482,10599,8907,HEALTHY
MAT041,PL003,12043,0,0,933,2154,11110,9889,HEALTHY
MAT041,PL005,7920,0,0,933,2820,6987,5100,HEALTHY
MAT041,PL010,14089,0,0,933,1821,13156,12268,HEALTHY
MAT046,PL002,15038,0,0,798,2223,14240,12815,HEALTHY
MAT046,PL003,16416,0,0,798,2508,15618,13908,HEALTHY
MAT001,PL002,24193,0,0,311,1199,23882,22994,HEALTHY
MAT001,PL009,22274,0,0,311,1088,21963,21186,HEALTHY
MAT002,PL007,19282,0,0,454,1858,18828,17424,HEALTHY
MAT009,PL006,726,0,0,605,2621,121,-1895,BELOW_REORDER_POINT
MAT010,PL008,13077,0,0,748,2617,12329,10460,HEALTHY
MAT011,PL001,14827,0,0,891,2057,13936,12770,HEALTHY
MAT013,PL002,21537,0,0,328,796,21209,20741,HEALTHY
MAT013,PL004,24415,0,0,328,1030,24087,23385,HEALTHY
MAT013,PL006,22042,0,0,328,1264,21714,20778,HEALTHY
MAT015,PL004,18432,0,0,614,1782,17818,16650,HEALTHY
MAT015,PL008,17465,0,0,614,2658,16851,14807,HEALTHY
MAT016,PL003,16589,0,0,756,2916,15833,13673,HEALTHY
MAT016,PL008,12320,0,0,756,2106,11564,10214,HEALTHY
MAT018,PL007,15237,0,0,194,424,15043,14813,HEALTHY
MAT019,PL003,403,0,0,336,696,67,-293,BELOW_REORDER_POINT
MAT019,PL004,403,0,0,336,816,67,-413,BELOW_REORDER_POINT
MAT022,PL007,10421,0,0,765,3495,9656,6926,HEALTHY
MAT023,PL001,10564,0,0,908,3392,9656,7172,HEALTHY
MAT024,PL005,24476,0,0,202,730,24274,23746,HEALTHY
MAT025,PL009,23151,0,0,345,1206,22806,21945,HEALTHY
MAT027,PL010,6503,0,0,630,2280,5873,4223,HEALTHY
MAT032,PL009,16996,0,0,496,2030,16500,14966,HEALTHY
MAT033,PL004,15678,0,0,639,2311,15039,13367,HEALTHY
MAT033,PL005,10355,0,0,639,2539,9716,7816,HEALTHY
MAT034,PL003,13673,0,0,782,3572,12891,10101,HEALTHY
MAT034,PL008,14261,0,0,782,2735,13479,11526,HEALTHY
MAT038,PL010,9742,0,0,504,1884,9238,7858,HEALTHY
MAT039,PL008,776,0,0,647,2803,129,-2027,BELOW_REORDER_POINT
MAT043,PL005,20842,0,0,370,1030,20472,19812,HEALTHY
MAT044,PL002,21798,0,0,513,1550,21285,20248,HEALTHY
MAT045,PL002,20750,0,0,656,2840,20094,17910,HEALTHY
MAT045,PL006,20233,0,0,656,1904,19577,18329,HEALTHY
MAT045,PL007,16741,0,0,656,2138,16085,14603,HEALTHY
MAT003,PL008,19633,0,0,597,1733,19036,17900,HEALTHY
MAT004,PL004,15009,0,0,740,2060,14269,12949,HEALTHY
MAT005,PL001,10414,0,0,882,2667,9532,7747,HEALTHY
MAT006,PL001,23326,0,0,177,765,23149,22561,HEALTHY
MAT006,PL008,25720,0,0,177,702,25543,25018,HEALTHY
MAT007,PL002,12153,0,0,320,1004,11833,11149,HEALTHY
MAT007,PL007,9630,0,0,320,662,9310,8968,HEALTHY
MAT008,PL006,8072,0,0,462,1397,7610,6675,HEALTHY
MAT013,PL001,21544,0,0,328,679,21216,20865,HEALTHY
MAT013,PL003,18694,0,0,328,913,18366,17781,HEALTHY
MAT013,PL007,22753,0,0,328,1381,22425,21372,HEALTHY
MAT014,PL002,21579,0,0,471,1759,21108,19820,HEALTHY
MAT015,PL010,15366,0,0,614,1344,14752,14022,HEALTHY
MAT017,PL003,4164,0,0,899,2076,3265,2088,HEALTHY
MAT017,PL006,1078,0,0,899,3039,179,-1961,BELOW_REORDER_POINT
MAT019,PL008,403,0,0,336,1296,67,-893,BELOW_REORDER_POINT
MAT020,PL007,14419,0,0,479,935,13940,13484,HEALTHY
MAT025,PL007,25730,0,0,345,960,25385,24770,HEALTHY
MAT025,PL008,22230,0,0,345,1083,21885,21147,HEALTHY
MAT027,PL002,4618,0,0,630,2280,3988,2338,HEALTHY
MAT029,PL009,1099,0,0,916,2769,183,-1670,BELOW_REORDER_POINT
MAT030,PL001,20152,0,0,210,910,19942,19242,HEALTHY
MAT031,PL002,24380,0,0,353,1109,24027,23271,HEALTHY
MAT034,PL004,14420,0,0,782,1619,13638,12801,HEALTHY
MAT034,PL007,13354,0,0,782,2456,12572,10898,HEALTHY
MAT036,PL005,22606,0,0,219,479,22387,22127,HEALTHY
MAT037,PL005,10781,0,0,362,1265,10419,9516,HEALTHY
MAT041,PL006,14152,0,0,933,3153,13219,10999,HEALTHY
MAT043,PL001,21545,0,0,370,1558,21175,19987,HEALTHY
MAT043,PL002,22374,0,0,370,1690,22004,20684,HEALTHY
MAT046,PL005,13869,0,0,798,3078,13071,10791,HEALTHY
MAT048,PL008,12858,0,0,236,432,12622,12426,HEALTHY
MAT048,PL010,11266,0,0,236,600,11030,10666,HEALTHY
MAT049,PL006,453,0,0,378,918,75,-465,BELOW_REORDER_POINT
MAT050,PL007,20974,0,0,521,2133,20453,18841,HEALTHY
