material_id,plant_id,demand_qty,order_count,open_po_qty,late_open_schedule_lines,unrestricted_stock,safety_stock,reorder_point,delayed_shipments,on_time_delivery_pct,inventory_risk_flag,supply_risk_flag,transport_risk_flag,demand_risk_flag,risk_score,exception_type,exception_status,exception_created_date
MAT049,PL004,2946,40,24889,10,453,378,1728,0,100,0,1,0,1,1,SUPPLY_RISK,OPEN,2026-10-01
MAT029,PL004,7102,40,28996,10,1099,916,3750,0,100,0,1,0,1,1,SUPPLY_RISK,OPEN,2026-10-01
MAT008,PL001,3557,40,16047,10,5617,462,1892,0,100,0,1,0,1,1,SUPPLY_RISK,OPEN,2026-10-01
MAT030,PL002,1615,40,3656,9,21510,210,385,0,100,0,1,0,1,1,SUPPLY_RISK,OPEN,2026-10-01
MAT042,PL008,1791,40,0,0,24659,227,578,500,0,0,0,1,1,1,TRANSPORT_RISK,OPEN,2026-10-01
MAT026,PL008,3738,40,0,0,21350,488,2170,500,0,0,0,1,1,1,TRANSPORT_RISK,OPEN,2026-10-01
MAT039,PL007,5112,40,27647,10,776,647,2572,0,100,0,1,0,1,1,SUPPLY_RISK,OPEN,2026-10-01
MAT047,PL009,7261,40,10832,10,1720,941,3517,500,0,0,1,1,1,2,SUPPLY_RISK,OPEN,2026-10-01
MAT017,PL005,7293,40,13601,9,1078,899,2718,0,100,0,1,0,1,1,SUPPLY_RISK,OPEN,2026-10-01
MAT049,PL002,2986,40,27420,10,453,378,1458,0,100,0,1,0,1,1,SUPPLY_RISK,OPEN,2026-10-01
MAT020,PL003,3677,40,8979,8,12851,479,1619,0,100,0,1,0,1,1,SUPPLY_RISK,OPEN,2026-10-01
MAT010,PL003,5327,40,6528,2,7304,748,3418,0,100,0,1,0,1,1,SUPPLY_RISK,OPEN,2026-10-01
MAT009,PL005,4492,40,25086,10,726,605,2405,0,100,0,1,0,1,1,SUPPLY_RISK,OPEN,2026-10-01
MAT033,PL009,4997,40,0,0,15904,639,1627,500,0,0,0,1,1,1,TRANSPORT_RISK,OPEN,2026-10-01
MAT027,PL003,4920,40,11911,10,8021,630,2505,0,100,0,1,0,1,1,SUPPLY_RISK,OPEN,2026-10-01
MAT014,PL008,3678,40,0,0,18533,471,1423,500,0,0,0,1,1,1,TRANSPORT_RISK,OPEN,2026-10-01
MAT045,PL008,4936,40,3600,2,14378,656,2372,500,0,0,1,1,1,2,SUPPLY_RISK,OPEN,2026-10-01
MAT015,PL009,4687,40,0,0,18870,614,1125,500,0,0,0,1,1,1,TRANSPORT_RISK,OPEN,2026-10-01
MAT049,PL009,2946,40,29814,10,453,378,1323,500,0,0,1,1,1,2,SUPPLY_RISK,OPEN,2026-10-01
MAT020,PL001,3718,40,2716,10,17062,479,1277,0,100,0,1,0,1,1,SUPPLY_RISK,OPEN,2026-10-01
MAT048,PL001,1792,40,11830,10,14152,236,516,0,100,0,1,0,1,1,SUPPLY_RISK,OPEN,2026-10-01
MAT048,PL004,1802,40,11210,10,13206,236,768,0,100,0,1,0,1,1,SUPPLY_RISK,OPEN,2026-10-01
MAT020,PL008,3839,40,1118,0,16311,479,1106,500,0,0,0,1,1,1,TRANSPORT_RISK,OPEN,2026-10-01
MAT029,PL008,7048,40,28435,9,1099,916,2442,500,0,0,1,1,1,2,SUPPLY_RISK,OPEN,2026-10-01
MAT009,PL008,4733,40,28041,10,726,605,1325,500,0,0,1,1,1,2,SUPPLY_RISK,OPEN,2026-10-01
MAT039,PL009,5101,40,25116,10,776,647,1186,500,0,0,1,1,1,2,SUPPLY_RISK,OPEN,2026-10-01
MAT027,PL004,4868,40,13118,8,3402,630,2730,0,100,0,1,0,1,1,SUPPLY_RISK,OPEN,2026-10-01
MAT008,PL005,3618,40,11290,10,9691,462,1232,0,100,0,1,0,1,1,SUPPLY_RISK,OPEN,2026-10-01
MAT019,PL010,2540,40,25707,10,168,336,1536,0,100,1,1,0,1,2,INVENTORY_RISK,OPEN,2026-10-01
MAT029,PL005,6999,40,29981,10,1099,916,4077,0,100,0,1,0,1,1,SUPPLY_RISK,OPEN,2026-10-01
MAT008,PL008,3486,40,12471,10,11729,462,1727,500,0,0,1,1,1,2,SUPPLY_RISK,OPEN,2026-10-01
MAT018,PL005,1507,40,11370,10,14030,194,838,0,100,0,1,0,1,1,SUPPLY_RISK,OPEN,2026-10-01
MAT012,PL008,1419,40,3538,1,21274,185,603,500,0,0,1,1,1,2,SUPPLY_RISK,OPEN,2026-10-01
MAT028,PL007,6006,40,12235,10,6334,773,2981,0,100,0,1,0,1,1,SUPPLY_RISK,OPEN,2026-10-01
MAT044,PL009,4044,40,0,0,19377,513,1367,500,0,0,0,1,1,1,TRANSPORT_RISK,OPEN,2026-10-01
MAT011,PL003,6670,40,2204,1,10312,891,2693,0,100,0,1,0,1,1,SUPPLY_RISK,OPEN,2026-10-01
MAT017,PL001,6954,40,11047,10,2650,899,4002,0,100,0,1,0,1,1,SUPPLY_RISK,OPEN,2026-10-01
MAT001,PL008,2342,40,0,0,25900,311,977,500,0,0,0,1,1,1,TRANSPORT_RISK,OPEN,2026-10-01
MAT024,PL009,1568,40,0,0,28436,202,442,500,0,0,0,1,1,1,TRANSPORT_RISK,OPEN,2026-10-01
MAT008,PL002,3637,40,11910,10,10579,462,2057,0,100,0,1,0,1,1,SUPPLY_RISK,OPEN,2026-10-01
MAT040,PL005,5999,40,7722,8,7327,790,3610,0,100,0,1,0,1,1,SUPPLY_RISK,OPEN,2026-10-01
MAT026,PL009,3684,40,0,0,22443,488,952,500,0,0,0,1,1,1,TRANSPORT_RISK,OPEN,2026-10-01
MAT037,PL004,2761,40,10586,10,10345,362,1136,0,100,0,1,0,1,1,SUPPLY_RISK,OPEN,2026-10-01
MAT032,PL008,3763,40,0,0,20518,496,1853,500,0,0,0,1,1,1,TRANSPORT_RISK,OPEN,2026-10-01
MAT048,PL009,1809,40,11382,10,13444,236,516,500,0,0,1,1,1,2,SUPPLY_RISK,OPEN,2026-10-01
MAT037,PL007,2787,40,10963,10,8370,362,1523,0,100,0,1,0,1,1,SUPPLY_RISK,OPEN,2026-10-01
MAT048,PL002,1760,40,12225,10,14806,236,600,0,100,0,1,0,1,1,SUPPLY_RISK,OPEN,2026-10-01
MAT027,PL007,4965,40,11690,10,7591,630,1605,0,100,0,1,0,1,1,SUPPLY_RISK,OPEN,2026-10-01
MAT042,PL009,1784,40,0,0,25658,227,659,500,0,0,0,1,1,1,TRANSPORT_RISK,OPEN,2026-10-01
MAT008,PL009,3428,40,11068,10,9732,462,1892,500,0,0,1,1,1,2,SUPPLY_RISK,OPEN,2026-10-01
MAT037,PL002,2727,40,11597,10,11933,362,878,0,100,0,1,0,1,1,SUPPLY_RISK,OPEN,2026-10-01
MAT018,PL006,1493,40,9964,10,11948,194,355,0,100,0,1,0,1,1,SUPPLY_RISK,OPEN,2026-10-01
MAT046,PL009,6223,40,0,0,13258,798,1938,500,0,0,0,1,1,1,TRANSPORT_RISK,OPEN,2026-10-01
MAT009,PL003,4657,40,27617,10,726,605,1973,0,100,0,1,0,1,1,SUPPLY_RISK,OPEN,2026-10-01
MAT039,PL004,4937,40,29193,10,776,647,1879,0,100,0,1,0,1,1,SUPPLY_RISK,OPEN,2026-10-01
MAT040,PL007,6040,40,2447,10,9989,790,1918,0,100,0,1,0,1,1,SUPPLY_RISK,OPEN,2026-10-01
MAT030,PL004,1678,40,2581,10,19928,210,535,0,100,0,1,0,1,1,SUPPLY_RISK,OPEN,2026-10-01
MAT010,PL006,5171,40,2740,10,14359,748,2083,0,100,0,1,0,1,1,SUPPLY_RISK,OPEN,2026-10-01
MAT023,PL008,6902,40,0,0,10912,908,3068,500,0,0,0,1,1,1,TRANSPORT_RISK,OPEN,2026-10-01
MAT007,PL004,2456,40,12150,10,13301,320,1232,0,100,0,1,0,1,1,SUPPLY_RISK,OPEN,2026-10-01
MAT047,PL003,7409,40,10270,10,1129,941,4189,0,100,0,1,0,1,1,SUPPLY_RISK,OPEN,2026-10-01
MAT047,PL002,7063,40,11675,10,3380,941,3853,0,100,0,1,0,1,1,SUPPLY_RISK,OPEN,2026-10-01
MAT019,PL006,2640,40,26268,10,403,336,1056,0,100,0,1,0,1,1,SUPPLY_RISK,OPEN,2026-10-01
MAT008,PL004,3645,40,10896,10,9046,462,1067,0,100,0,1,0,1,1,SUPPLY_RISK,OPEN,2026-10-01
MAT033,PL008,5140,40,0,0,19134,639,1399,500,0,0,0,1,1,1,TRANSPORT_RISK,OPEN,2026-10-01
MAT050,PL008,4109,40,2565,10,14915,521,2319,500,0,0,1,1,1,2,SUPPLY_RISK,OPEN,2026-10-01
MAT028,PL003,6001,40,12461,10,6679,773,1877,0,100,0,1,0,1,1,SUPPLY_RISK,OPEN,2026-10-01
MAT036,PL009,1678,40,0,0,22151,219,791,500,0,0,0,1,1,1,TRANSPORT_RISK,OPEN,2026-10-01
MAT009,PL001,4653,40,25647,10,302,605,1541,0,100,1,1,0,1,2,INVENTORY_RISK,OPEN,2026-10-01
MAT027,PL001,5003,40,11126,10,6670,630,2055,0,100,0,1,0,1,1,SUPPLY_RISK,OPEN,2026-10-01
MAT039,PL006,5143,40,26662,10,776,647,2341,0,100,0,1,0,1,1,SUPPLY_RISK,OPEN,2026-10-01
MAT038,PL003,3984,40,10739,10,8131,504,2064,0,100,0,1,0,1,1,SUPPLY_RISK,OPEN,2026-10-01
MAT004,PL009,5804,40,0,0,15069,740,3380,500,0,0,0,1,1,1,TRANSPORT_RISK,OPEN,2026-10-01
MAT028,PL006,6088,40,11843,10,5577,773,2705,0,100,0,1,0,1,1,SUPPLY_RISK,OPEN,2026-10-01
MAT049,PL008,2934,40,24328,10,453,378,1188,500,0,0,1,1,1,2,SUPPLY_RISK,OPEN,2026-10-01
MAT047,PL001,7325,40,11283,10,2263,941,3517,0,100,0,1,0,1,1,SUPPLY_RISK,OPEN,2026-10-01
MAT032,PL001,3912,40,4323,1,18004,496,2030,0,100,0,1,0,1,1,SUPPLY_RISK,OPEN,2026-10-01
MAT030,PL008,1622,40,2525,10,19535,210,835,500,0,0,1,1,1,2,SUPPLY_RISK,OPEN,2026-10-01
MAT031,PL008,2694,40,0,0,21286,353,857,500,0,0,0,1,1,1,TRANSPORT_RISK,OPEN,2026-10-01
MAT048,PL003,1804,40,10817,10,12610,236,684,0,100,0,1,0,1,1,SUPPLY_RISK,OPEN,2026-10-01
MAT005,PL009,7547,40,0,0,12953,882,2667,500,0,0,0,1,1,1,TRANSPORT_RISK,OPEN,2026-10-01
MAT019,PL005,2704,40,29784,10,403,336,936,0,100,0,1,0,1,1,SUPPLY_RISK,OPEN,2026-10-01
MAT004,PL008,5664,40,0,0,18865,740,3116,500,0,0,0,1,1,1,TRANSPORT_RISK,OPEN,2026-10-01
MAT037,PL008,2888,40,12162,10,12455,362,1652,500,0,0,1,1,1,2,SUPPLY_RISK,OPEN,2026-10-01
MAT040,PL003,6105,40,2504,10,10363,790,3046,0,100,0,1,0,1,1,SUPPLY_RISK,OPEN,2026-10-01
MAT041,PL009,7252,40,0,0,13352,933,4152,500,0,0,0,1,1,1,TRANSPORT_RISK,OPEN,2026-10-01
MAT028,PL010,6157,40,11617,10,5104,773,1601,0,100,0,1,0,1,1,SUPPLY_RISK,OPEN,2026-10-01
MAT019,PL002,2622,40,26829,10,403,336,1536,0,100,0,1,0,1,1,SUPPLY_RISK,OPEN,2026-10-01
MAT047,PL004,7279,40,12465,10,4128,941,1837,0,100,0,1,0,1,1,SUPPLY_RISK,OPEN,2026-10-01
MAT003,PL009,4755,40,3261,0,12536,597,1946,500,0,0,0,1,1,1,TRANSPORT_RISK,OPEN,2026-10-01
MAT018,PL001,1500,40,11593,10,14382,194,562,0,100,0,1,0,1,1,SUPPLY_RISK,OPEN,2026-10-01
MAT017,PL007,7176,40,11610,10,3052,899,3360,0,100,0,1,0,1,1,SUPPLY_RISK,OPEN,2026-10-01
MAT009,PL004,4629,40,28602,10,726,605,2189,0,100,0,1,0,1,1,SUPPLY_RISK,OPEN,2026-10-01
MAT045,PL009,4943,40,0,0,18949,656,2606,500,0,0,0,1,1,1,TRANSPORT_RISK,OPEN,2026-10-01
MAT007,PL005,2402,40,10744,10,11299,320,1346,0,100,0,1,0,1,1,SUPPLY_RISK,OPEN,2026-10-01
MAT006,PL002,1369,40,5235,1,19050,177,324,0,100,0,1,0,1,1,SUPPLY_RISK,OPEN,2026-10-01
MAT011,PL008,6987,40,3401,1,13406,891,1739,500,0,0,1,1,1,2,SUPPLY_RISK,OPEN,2026-10-01
MAT010,PL004,5341,40,4185,9,15105,748,1549,0,100,0,1,0,1,1,SUPPLY_RISK,OPEN,2026-10-01
MAT037,PL001,2793,40,9404,10,8508,362,749,0,100,0,1,0,1,1,SUPPLY_RISK,OPEN,2026-10-01
MAT038,PL006,3861,40,11922,10,10149,504,1164,0,100,0,1,0,1,1,SUPPLY_RISK,OPEN,2026-10-01
MAT016,PL009,5946,40,0,0,17722,756,2376,500,0,0,0,1,1,1,TRANSPORT_RISK,OPEN,2026-10-01
MAT022,PL008,5871,40,0,0,16105,765,1584,500,0,0,0,1,1,1,TRANSPORT_RISK,OPEN,2026-10-01
MAT047,PL005,7237,40,11057,10,2104,941,2173,0,100,0,1,0,1,1,SUPPLY_RISK,OPEN,2026-10-01
MAT007,PL003,2517,40,9954,10,9889,320,1118,0,100,0,1,0,1,1,SUPPLY_RISK,OPEN,2026-10-01
MAT039,PL005,5149,40,25677,10,776,647,2110,0,100,0,1,0,1,1,SUPPLY_RISK,OPEN,2026-10-01
MAT035,PL004,6944,40,4012,2,10314,924,3124,0,100,0,1,0,1,1,SUPPLY_RISK,OPEN,2026-10-01
MAT047,PL006,7152,40,11565,10,1129,941,2509,0,100,0,1,0,1,1,SUPPLY_RISK,OPEN,2026-10-01
MAT002,PL009,3504,40,0,0,21430,454,886,500,0,0,0,1,1,1,TRANSPORT_RISK,OPEN,2026-10-01
MAT050,PL002,3968,40,2425,10,13928,521,1203,0,100,0,1,0,1,1,SUPPLY_RISK,OPEN,2026-10-01
MAT043,PL008,2816,40,0,0,23979,370,1426,500,0,0,0,1,1,1,TRANSPORT_RISK,OPEN,2026-10-01
MAT039,PL002,4943,40,27223,10,776,647,1417,0,100,0,1,0,1,1,SUPPLY_RISK,OPEN,2026-10-01
MAT049,PL003,2967,40,28405,10,453,378,1593,0,100,0,1,0,1,1,SUPPLY_RISK,OPEN,2026-10-01
MAT038,PL008,3864,40,10910,10,8624,504,1524,500,0,0,1,1,1,2,SUPPLY_RISK,OPEN,2026-10-01
MAT028,PL008,6000,40,10830,10,4235,773,3257,500,0,0,1,1,1,2,SUPPLY_RISK,OPEN,2026-10-01
MAT038,PL009,3918,40,11304,10,9107,504,1704,500,0,0,1,1,1,2,SUPPLY_RISK,OPEN,2026-10-01
MAT013,PL008,2578,40,0,0,19363,328,1498,500,0,0,0,1,1,1,TRANSPORT_RISK,OPEN,2026-10-01
MAT010,PL010,5297,40,2685,10,13601,748,3151,0,100,0,1,0,1,1,SUPPLY_RISK,OPEN,2026-10-01
MAT036,PL008,1685,40,779,1,24874,219,713,500,0,0,1,1,1,2,SUPPLY_RISK,OPEN,2026-10-01
MAT037,PL010,2752,40,11150,10,11208,362,878,0,100,0,1,0,1,1,SUPPLY_RISK,OPEN,2026-10-01
MAT050,PL006,4105,40,2370,10,13148,521,1947,0,100,0,1,0,1,1,SUPPLY_RISK,OPEN,2026-10-01
MAT018,PL008,1506,40,10750,10,13106,194,493,500,0,0,1,1,1,2,SUPPLY_RISK,OPEN,2026-10-01
MAT014,PL009,3746,40,0,0,19382,471,1591,500,0,0,0,1,1,1,TRANSPORT_RISK,OPEN,2026-10-01
MAT040,PL008,5990,40,0,0,18022,790,2200,500,0,0,0,1,1,1,TRANSPORT_RISK,OPEN,2026-10-01
MAT007,PL001,2585,40,10969,10,11269,320,890,0,100,0,1,0,1,1,SUPPLY_RISK,OPEN,2026-10-01
MAT028,PL001,5861,40,11671,10,5779,773,3533,0,100,0,1,0,1,1,SUPPLY_RISK,OPEN,2026-10-01
MAT010,PL002,5395,40,2795,10,14417,748,3151,0,100,0,1,0,1,1,SUPPLY_RISK,OPEN,2026-10-01
MAT047,PL008,7018,40,10439,10,1614,941,3181,500,0,0,1,1,1,2,SUPPLY_RISK,OPEN,2026-10-01
MAT020,PL009,3866,40,2605,10,15755,479,1277,500,0,0,1,1,1,2,SUPPLY_RISK,OPEN,2026-10-01
MAT009,PL010,4857,40,30011,10,302,605,1757,0,100,1,1,0,1,2,INVENTORY_RISK,OPEN,2026-10-01
MAT019,PL001,2510,40,25844,10,168,336,1416,0,100,1,1,0,1,2,INVENTORY_RISK,OPEN,2026-10-01
MAT018,PL002,1515,40,10189,10,12240,194,631,0,100,0,1,0,1,1,SUPPLY_RISK,OPEN,2026-10-01
MAT048,PL007,1864,40,10592,10,12154,236,1020,0,100,0,1,0,1,1,SUPPLY_RISK,OPEN,2026-10-01
MAT035,PL009,7343,40,0,0,13952,924,2134,500,0,0,0,1,1,1,TRANSPORT_RISK,OPEN,2026-10-01
MAT008,PL003,3674,40,10504,10,8395,462,902,0,100,0,1,0,1,1,SUPPLY_RISK,OPEN,2026-10-01
MAT002,PL008,3630,40,0,0,20193,454,2020,500,0,0,0,1,1,1,TRANSPORT_RISK,OPEN,2026-10-01
MAT010,PL009,5170,40,7149,0,8406,748,2884,500,0,0,0,1,1,1,TRANSPORT_RISK,OPEN,2026-10-01
MAT029,PL007,7216,40,27450,10,1099,916,2115,0,100,0,1,0,1,1,SUPPLY_RISK,OPEN,2026-10-01
MAT017,PL004,7157,40,10429,10,1316,899,2397,0,100,0,1,0,1,1,SUPPLY_RISK,OPEN,2026-10-01
MAT022,PL002,5970,40,4557,2,9941,765,2130,0,100,0,1,0,1,1,SUPPLY_RISK,OPEN,2026-10-01
MAT024,PL008,1567,40,0,0,22952,202,370,500,0,0,0,1,1,1,TRANSPORT_RISK,OPEN,2026-10-01
MAT007,PL010,2560,40,10911,10,11240,320,1004,0,100,0,1,0,1,1,SUPPLY_RISK,OPEN,2026-10-01
MAT028,PL009,6016,40,11225,10,4793,773,3533,500,0,0,1,1,1,2,SUPPLY_RISK,OPEN,2026-10-01
MAT050,PL009,4042,40,5167,0,13432,521,1017,500,0,0,0,1,1,1,TRANSPORT_RISK,OPEN,2026-10-01
MAT050,PL010,3992,40,5367,9,14317,521,1203,0,100,0,1,0,1,1,SUPPLY_RISK,OPEN,2026-10-01
MAT040,PL001,6322,40,4468,9,10496,790,2482,0,100,0,1,0,1,1,SUPPLY_RISK,OPEN,2026-10-01
MAT034,PL009,6026,40,0,0,15216,782,3014,500,0,0,0,1,1,1,TRANSPORT_RISK,OPEN,2026-10-01
MAT030,PL006,1654,40,2780,10,21747,210,685,0,100,0,1,0,1,1,SUPPLY_RISK,OPEN,2026-10-01
MAT038,PL002,3985,40,12147,10,10237,504,1884,0,100,0,1,0,1,1,SUPPLY_RISK,OPEN,2026-10-01
MAT009,PL007,4723,40,27056,10,726,605,1109,0,100,0,1,0,1,1,SUPPLY_RISK,OPEN,2026-10-01
MAT027,PL009,4910,40,12475,10,8886,630,2055,500,0,0,1,1,1,2,SUPPLY_RISK,OPEN,2026-10-01
MAT028,PL004,6183,40,11053,10,4207,773,2153,0,100,0,1,0,1,1,SUPPLY_RISK,OPEN,2026-10-01
MAT017,PL008,7020,40,10204,10,1254,899,3681,500,0,0,1,1,1,2,SUPPLY_RISK,OPEN,2026-10-01
MAT030,PL009,1627,40,0,0,23035,210,910,500,0,0,0,1,1,1,TRANSPORT_RISK,OPEN,2026-10-01
MAT029,PL010,7423,40,25904,10,1099,916,3096,0,100,0,1,0,1,1,SUPPLY_RISK,OPEN,2026-10-01
MAT049,PL007,2879,40,27844,10,453,378,1053,0,100,0,1,0,1,1,SUPPLY_RISK,OPEN,2026-10-01
MAT038,PL004,3887,40,11132,10,8917,504,2244,0,100,0,1,0,1,1,SUPPLY_RISK,OPEN,2026-10-01
MAT037,PL006,2947,40,11372,10,11157,362,1394,0,100,0,1,0,1,1,SUPPLY_RISK,OPEN,2026-10-01
MAT038,PL005,3942,40,11529,10,9395,504,984,0,100,0,1,0,1,1,SUPPLY_RISK,OPEN,2026-10-01
MAT019,PL009,2514,40,29223,10,403,336,1416,500,0,0,1,1,1,2,SUPPLY_RISK,OPEN,2026-10-01
MAT049,PL010,3025,40,26298,10,453,378,1458,0,100,0,1,0,1,1,SUPPLY_RISK,OPEN,2026-10-01
MAT005,PL008,7235,40,3988,1,8604,882,2352,500,0,0,1,1,1,2,SUPPLY_RISK,OPEN,2026-10-01
MAT043,PL009,2787,40,4087,0,16434,370,1558,500,0,0,0,1,1,1,TRANSPORT_RISK,OPEN,2026-10-01
MAT028,PL002,5905,40,10268,10,3578,773,1601,0,100,0,1,0,1,1,SUPPLY_RISK,OPEN,2026-10-01
MAT027,PL008,4863,40,10283,10,5686,630,1830,500,0,0,1,1,1,2,SUPPLY_RISK,OPEN,2026-10-01
MAT050,PL004,4119,40,6971,9,11050,521,1575,0,100,0,1,0,1,1,SUPPLY_RISK,OPEN,2026-10-01
MAT041,PL008,7143,40,0,0,17086,933,3819,500,0,0,0,1,1,1,TRANSPORT_RISK,OPEN,2026-10-01
MAT028,PL005,5885,40,11450,10,5391,773,2429,0,100,0,1,0,1,1,SUPPLY_RISK,OPEN,2026-10-01
MAT020,PL002,3813,40,4009,2,12063,479,1448,0,100,0,1,0,1,1,SUPPLY_RISK,OPEN,2026-10-01
MAT017,PL009,6817,40,10596,10,2253,899,4002,500,0,0,1,1,1,2,SUPPLY_RISK,OPEN,2026-10-01
MAT038,PL007,3884,40,10514,10,7995,504,1344,0,100,0,1,0,1,1,SUPPLY_RISK,OPEN,2026-10-01
MAT029,PL006,6975,40,26465,10,1099,916,1788,0,100,0,1,0,1,1,SUPPLY_RISK,OPEN,2026-10-01
MAT001,PL010,2450,40,5441,2,17712,311,1199,0,100,0,1,0,1,1,SUPPLY_RISK,OPEN,2026-10-01
MAT049,PL001,3031,40,26435,10,453,378,1323,0,100,0,1,0,1,1,SUPPLY_RISK,OPEN,2026-10-01
MAT008,PL007,3606,40,10278,10,8196,462,1562,0,100,0,1,0,1,1,SUPPLY_RISK,OPEN,2026-10-01
MAT007,PL009,2583,40,10518,10,10602,320,890,500,0,0,1,1,1,2,SUPPLY_RISK,OPEN,2026-10-01
MAT039,PL001,4838,40,26238,10,776,647,1186,0,100,0,1,0,1,1,SUPPLY_RISK,OPEN,2026-10-01
MAT022,PL009,6051,40,0,0,16730,765,1857,500,0,0,0,1,1,1,TRANSPORT_RISK,OPEN,2026-10-01
MAT021,PL009,4750,40,0,0,17962,622,2472,500,0,0,0,1,1,1,TRANSPORT_RISK,OPEN,2026-10-01
MAT031,PL009,2802,40,0,0,22055,353,983,500,0,0,0,1,1,1,TRANSPORT_RISK,OPEN,2026-10-01
MAT023,PL006,7157,40,3302,1,9631,908,2420,0,100,0,1,0,1,1,SUPPLY_RISK,OPEN,2026-10-01
MAT027,PL006,4746,40,11293,10,7441,630,1380,0,100,0,1,0,1,1,SUPPLY_RISK,OPEN,2026-10-01
MAT001,PL005,2461,40,4971,1,17736,311,644,0,100,0,1,0,1,1,SUPPLY_RISK,OPEN,2026-10-01
MAT032,PL006,3894,40,4145,1,14141,496,1499,0,100,0,1,0,1,1,SUPPLY_RISK,OPEN,2026-10-01
MAT012,PL009,1402,40,0,0,25831,185,669,500,0,0,0,1,1,1,TRANSPORT_RISK,OPEN,2026-10-01
MAT048,PL006,1791,40,10199,10,11708,236,936,0,100,0,1,0,1,1,SUPPLY_RISK,OPEN,2026-10-01
MAT038,PL001,3936,40,9950,10,7046,504,1704,0,100,0,1,0,1,1,SUPPLY_RISK,OPEN,2026-10-01
MAT018,PL004,1511,40,10975,10,13432,194,769,0,100,0,1,0,1,1,SUPPLY_RISK,OPEN,2026-10-01
MAT017,PL010,6812,40,10990,10,2854,899,1755,0,100,0,1,0,1,1,SUPPLY_RISK,OPEN,2026-10-01
MAT027,PL005,4747,40,10901,10,6846,630,1155,0,100,0,1,0,1,1,SUPPLY_RISK,OPEN,2026-10-01
MAT017,PL002,6916,40,9639,10,618,899,1755,0,100,1,1,0,1,2,INVENTORY_RISK,OPEN,2026-10-01
MAT018,PL010,1479,40,11539,10,14341,194,631,0,100,0,1,0,1,1,SUPPLY_RISK,OPEN,2026-10-01
MAT044,PL008,3935,40,0,0,23111,513,1184,500,0,0,0,1,1,1,TRANSPORT_RISK,OPEN,2026-10-01
MAT048,PL005,1813,40,11607,10,13772,236,852,0,100,0,1,0,1,1,SUPPLY_RISK,OPEN,2026-10-01
MAT046,PL008,6453,40,0,0,11813,798,1653,500,0,0,0,1,1,1,TRANSPORT_RISK,OPEN,2026-10-01
MAT030,PL010,1674,40,2723,10,21203,210,385,0,100,0,1,0,1,1,SUPPLY_RISK,OPEN,2026-10-01
MAT021,PL008,4713,40,1255,0,15796,622,2250,500,0,0,0,1,1,1,TRANSPORT_RISK,OPEN,2026-10-01
MAT047,PL010,7384,40,9429,10,1129,941,3853,0,100,0,1,0,1,1,SUPPLY_RISK,OPEN,2026-10-01
MAT023,PL009,7147,40,0,0,15908,908,3392,500,0,0,0,1,1,1,TRANSPORT_RISK,OPEN,2026-10-01
MAT039,PL010,4908,40,30602,10,776,647,1417,0,100,0,1,0,1,1,SUPPLY_RISK,OPEN,2026-10-01
MAT007,PL008,2513,40,11926,10,12850,320,776,500,0,0,1,1,1,2,SUPPLY_RISK,OPEN,2026-10-01
MAT036,PL003,1688,40,4083,1,16639,219,947,0,100,0,1,0,1,1,SUPPLY_RISK,OPEN,2026-10-01
MAT029,PL002,7052,40,27026,10,1099,916,3096,0,100,0,1,0,1,1,SUPPLY_RISK,OPEN,2026-10-01
MAT007,PL006,2466,40,13320,9,9580,320,1460,0,100,0,1,0,1,1,SUPPLY_RISK,OPEN,2026-10-01
MAT049,PL005,2899,40,25874,10,453,378,783,0,100,0,1,0,1,1,SUPPLY_RISK,OPEN,2026-10-01
MAT046,PL007,6339,40,5647,2,9910,798,3648,0,100,0,1,0,1,1,SUPPLY_RISK,OPEN,2026-10-01
MAT009,PL009,4808,40,29026,10,726,605,1541,500,0,0,1,1,1,2,SUPPLY_RISK,OPEN,2026-10-01
MAT047,PL007,7416,40,11847,10,2926,941,2845,0,100,0,1,0,1,1,SUPPLY_RISK,OPEN,2026-10-01
MAT013,PL009,2572,40,0,0,20360,328,679,500,0,0,0,1,1,1,TRANSPORT_RISK,OPEN,2026-10-01
MAT029,PL003,6975,40,28011,8,1099,916,3423,0,100,0,1,0,1,1,SUPPLY_RISK,OPEN,2026-10-01
MAT045,PL003,5209,40,1800,1,15208,656,1202,0,100,0,1,0,1,1,SUPPLY_RISK,OPEN,2026-10-01
MAT006,PL009,1386,40,0,0,22144,177,765,500,0,0,0,1,1,1,TRANSPORT_RISK,OPEN,2026-10-01
MAT039,PL003,5013,40,28208,10,776,647,1648,0,100,0,1,0,1,1,SUPPLY_RISK,OPEN,2026-10-01
MAT011,PL009,7077,40,7423,0,5688,891,2057,500,0,0,0,1,1,1,TRANSPORT_RISK,OPEN,2026-10-01
MAT041,PL010,7038,40,676,1,14089,933,1821,0,100,0,1,0,1,1,SUPPLY_RISK,OPEN,2026-10-01
MAT009,PL002,4616,40,26632,10,302,605,1757,0,100,1,1,0,1,2,INVENTORY_RISK,OPEN,2026-10-01
MAT008,PL010,3521,40,11461,10,10138,462,2057,0,100,0,1,0,1,1,SUPPLY_RISK,OPEN,2026-10-01
MAT018,PL009,1534,40,11146,10,13639,194,562,500,0,0,1,1,1,2,SUPPLY_RISK,OPEN,2026-10-01
MAT040,PL009,6226,40,2645,10,11389,790,2482,500,0,0,1,1,1,2,SUPPLY_RISK,OPEN,2026-10-01
MAT037,PL003,2781,40,12722,9,7184,362,1007,0,100,0,1,0,1,1,SUPPLY_RISK,OPEN,2026-10-01
MAT019,PL007,2581,40,27253,10,403,336,1176,0,100,0,1,0,1,1,SUPPLY_RISK,OPEN,2026-10-01
MAT037,PL009,2752,40,10754,10,10619,362,749,500,0,0,1,1,1,2,SUPPLY_RISK,OPEN,2026-10-01
MAT035,PL008,7246,40,0,0,13161,924,1804,500,0,0,0,1,1,1,TRANSPORT_RISK,OPEN,2026-10-01
MAT020,PL005,3603,40,2660,10,16787,479,1961,0,100,0,1,0,1,1,SUPPLY_RISK,OPEN,2026-10-01
MAT046,PL002,6100,40,573,1,15038,798,2223,0,100,0,1,0,1,1,SUPPLY_RISK,OPEN,2026-10-01
MAT018,PL003,1505,40,10582,10,12852,194,700,0,100,0,1,0,1,1,SUPPLY_RISK,OPEN,2026-10-01
MAT029,PL001,7334,40,30542,10,1099,916,2769,0,100,0,1,0,1,1,SUPPLY_RISK,OPEN,2026-10-01
MAT013,PL002,2480,40,1114,1,21537,328,796,0,100,0,1,0,1,1,SUPPLY_RISK,OPEN,2026-10-01
MAT032,PL009,3766,40,0,0,16996,496,2030,500,0,0,0,1,1,1,TRANSPORT_RISK,OPEN,2026-10-01
MAT034,PL008,6011,40,0,0,14261,782,2735,500,0,0,0,1,1,1,TRANSPORT_RISK,OPEN,2026-10-01
MAT025,PL009,2645,40,0,0,23151,345,1206,500,0,0,0,1,1,1,TRANSPORT_RISK,OPEN,2026-10-01
MAT015,PL008,4897,40,0,0,17465,614,2658,500,0,0,0,1,1,1,TRANSPORT_RISK,OPEN,2026-10-01
MAT019,PL004,2626,40,24298,9,403,336,816,0,100,0,1,0,1,1,SUPPLY_RISK,OPEN,2026-10-01
MAT016,PL008,5904,40,0,0,12320,756,2106,500,0,0,0,1,1,1,TRANSPORT_RISK,OPEN,2026-10-01
MAT019,PL003,2597,40,27814,10,403,336,696,0,100,0,1,0,1,1,SUPPLY_RISK,OPEN,2026-10-01
MAT022,PL007,5956,40,4529,1,10421,765,3495,0,100,0,1,0,1,1,SUPPLY_RISK,OPEN,2026-10-01
MAT039,PL008,5107,40,28632,10,776,647,2803,500,0,0,1,1,1,2,SUPPLY_RISK,OPEN,2026-10-01
MAT033,PL005,4956,40,6192,2,10355,639,2539,0,100,0,1,0,1,1,SUPPLY_RISK,OPEN,2026-10-01
MAT027,PL010,5046,40,11070,10,6503,630,2280,0,100,0,1,0,1,1,SUPPLY_RISK,OPEN,2026-10-01
MAT038,PL010,3897,40,11696,10,9742,504,1884,0,100,0,1,0,1,1,SUPPLY_RISK,OPEN,2026-10-01
MAT009,PL006,4628,40,30572,10,726,605,2621,0,100,0,1,0,1,1,SUPPLY_RISK,OPEN,2026-10-01
MAT010,PL008,5230,40,5874,10,13077,748,2617,500,0,0,1,1,1,2,SUPPLY_RISK,OPEN,2026-10-01
MAT018,PL007,1495,40,12157,10,15237,194,424,0,100,0,1,0,1,1,SUPPLY_RISK,OPEN,2026-10-01
MAT023,PL001,7077,40,2105,1,10564,908,3392,0,100,0,1,0,1,1,SUPPLY_RISK,OPEN,2026-10-01
MAT001,PL009,2397,40,0,0,22274,311,1088,500,0,0,0,1,1,1,TRANSPORT_RISK,OPEN,2026-10-01
MAT008,PL006,3589,40,13952,10,8072,462,1397,0,100,0,1,0,1,1,SUPPLY_RISK,OPEN,2026-10-01
MAT049,PL006,2827,40,26859,10,453,378,918,0,100,0,1,0,1,1,SUPPLY_RISK,OPEN,2026-10-01
MAT007,PL002,2439,40,11362,10,12153,320,1004,0,100,0,1,0,1,1,SUPPLY_RISK,OPEN,2026-10-01
MAT017,PL003,6789,40,11833,10,4164,899,2076,0,100,0,1,0,1,1,SUPPLY_RISK,OPEN,2026-10-01
MAT003,PL008,4595,40,0,0,19633,597,1733,500,0,0,0,1,1,1,TRANSPORT_RISK,OPEN,2026-10-01
MAT017,PL006,6944,40,9414,10,1078,899,3039,0,100,0,1,0,1,1,SUPPLY_RISK,OPEN,2026-10-01
MAT025,PL008,2613,40,0,0,22230,345,1083,500,0,0,0,1,1,1,TRANSPORT_RISK,OPEN,2026-10-01
MAT007,PL007,2478,40,9730,10,9630,320,662,0,100,0,1,0,1,1,SUPPLY_RISK,OPEN,2026-10-01
MAT019,PL008,2560,40,28238,10,403,336,1296,500,0,0,1,1,1,2,SUPPLY_RISK,OPEN,2026-10-01
MAT030,PL001,1605,40,4049,1,20152,210,910,0,100,0,1,0,1,1,SUPPLY_RISK,OPEN,2026-10-01
MAT029,PL009,7151,40,24919,10,1099,916,2769,500,0,0,1,1,1,2,SUPPLY_RISK,OPEN,2026-10-01
MAT006,PL008,1356,40,0,0,25720,177,702,500,0,0,0,1,1,1,TRANSPORT_RISK,OPEN,2026-10-01
MAT048,PL010,1844,40,9974,10,11266,236,600,0,100,0,1,0,1,1,SUPPLY_RISK,OPEN,2026-10-01
MAT027,PL002,4975,40,9718,10,4618,630,2280,0,100,0,1,0,1,1,SUPPLY_RISK,OPEN,2026-10-01
MAT048,PL008,1806,40,10989,10,12858,236,432,500,0,0,1,1,1,2,SUPPLY_RISK,OPEN,2026-10-01
MAT037,PL005,2839,40,10979,10,10781,362,1265,0,100,0,1,0,1,1,SUPPLY_RISK,OPEN,2026-10-01
MAT020,PL007,3758,40,6688,10,14419,479,935,0,100,0,1,0,1,1,SUPPLY_RISK,OPEN,2026-10-01
