inventory_warehouse_id,inventory_material_id,on_hand_qty,allocated_qty,available_qty,requested_pick_qty,picked_qty,pending_pick_qty,warehouse_risk
WH002,MAT001,967720,96760,870960,2491,2491,0,HEALTHY
WH006,MAT002,918240,91800,826440,3514,3514,0,HEALTHY
WH003,MAT003,573920,57360,516560,4775,4775,0,HEALTHY
WH010,MAT005,563520,56320,507200,7472,7472,0,HEALTHY
WH006,MAT008,322880,32280,290600,3589,3208,381,PICK_PENDING
WH007,MAT010,702240,70200,632040,5435,5435,0,HEALTHY
WH010,MAT011,390120,39000,351120,6998,6998,0,HEALTHY
WH003,MAT014,718280,71800,646480,3754,3754,0,HEALTHY
WH004,MAT016,521160,52080,469080,5830,5830,0,HEALTHY
WH002,MAT020,482520,48240,434280,3813,3813,0,HEALTHY
WH005,MAT020,671480,67120,604360,3603,3603,0,HEALTHY
WH009,MAT021,718480,71840,646640,4750,4750,0,HEALTHY
WH005,MAT023,495600,49560,446040,6936,6936,0,HEALTHY
WH010,MAT023,506800,50680,456120,7008,7008,0,HEALTHY
WH008,MAT024,918080,91800,826280,1567,1567,0,HEALTHY
WH009,MAT024,1137440,113720,1023720,1568,1568,0,HEALTHY
WH008,MAT025,889200,88920,800280,2613,2613,0,HEALTHY
WH003,MAT027,320840,32080,288760,4920,4920,0,HEALTHY
WH007,MAT027,303640,30360,273280,4965,4965,0,HEALTHY
WH010,MAT027,260120,26000,234120,5046,5046,0,HEALTHY
WH006,MAT028,223080,22280,200800,6088,5461,627,PICK_PENDING
WH010,MAT028,204160,20400,183760,6157,5524,633,PICK_PENDING
WH007,MAT031,805320,80520,724800,2778,2778,0,HEALTHY
WH010,MAT034,655800,65560,590240,5929,5929,0,HEALTHY
WH008,MAT035,526440,52640,473800,7246,7246,0,HEALTHY
WH009,MAT035,558080,55800,502280,7343,7343,0,HEALTHY
WH003,MAT038,325240,32520,292720,3984,3568,416,PICK_PENDING
WH010,MAT039,31040,3080,27960,4908,4400,508,PICK_PENDING
WH004,MAT041,521520,52120,469400,7197,7197,0,HEALTHY
WH008,MAT044,924440,92440,832000,3935,3935,0,HEALTHY
WH009,MAT044,775080,77480,697600,4044,4044,0,HEALTHY
WH006,MAT048,468320,46800,421520,1791,1597,194,PICK_PENDING
WH008,MAT048,514320,51400,462920,1806,1611,195,PICK_PENDING
WH001,MAT049,18120,1800,16320,3031,2709,322,PICK_PENDING
WH005,MAT050,696120,69600,626520,4072,4072,0,HEALTHY
WH004,MAT005,530360,53000,477360,7182,7182,0,HEALTHY
WH006,MAT005,595080,59480,535600,7358,7358,0,HEALTHY
WH009,MAT005,518120,51800,466320,7547,7547,0,HEALTHY
WH009,MAT006,885760,88560,797200,1386,1386,0,HEALTHY
WH010,MAT006,1106480,110640,995840,1370,1370,0,HEALTHY
WH002,MAT007,486120,48600,437520,2439,2439,0,HEALTHY
WH001,MAT008,224680,22440,202240,3557,3183,374,PICK_PENDING
WH006,MAT012,1093160,109280,983880,1426,1426,0,HEALTHY
WH009,MAT012,1033240,103320,929920,1402,1402,0,HEALTHY
WH001,MAT014,819440,81920,737520,3755,3755,0,HEALTHY
WH009,MAT014,775280,77520,697760,3746,3746,0,HEALTHY
WH004,MAT015,737280,73720,663560,4694,4694,0,HEALTHY
WH010,MAT016,563840,56360,507480,6001,6001,0,HEALTHY
WH002,MAT019,16120,1600,14520,2622,2341,281,PICK_PENDING
WH002,MAT021,604080,60400,543680,4983,4983,0,HEALTHY
WH005,MAT021,732680,73240,659440,4853,4853,0,HEALTHY
WH003,MAT024,1081320,108120,973200,1565,1565,0,HEALTHY
WH010,MAT024,999360,99920,899440,1536,1536,0,HEALTHY
WH002,MAT027,184720,18440,166280,4975,4975,0,HEALTHY
WH004,MAT028,168280,16800,151480,6183,5542,641,PICK_PENDING
WH002,MAT029,43960,4360,39600,7052,6330,722,PICK_PENDING
WH006,MAT029,43960,4360,39600,6975,6259,716,PICK_PENDING
WH010,MAT030,848120,84800,763320,1674,1674,0,HEALTHY
WH001,MAT035,437800,43760,394040,7157,7157,0,HEALTHY
WH004,MAT035,412560,41240,371320,6944,6944,0,HEALTHY
WH001,MAT036,926040,92600,833440,1739,1739,0,HEALTHY
WH003,MAT036,665560,66520,599040,1688,1688,0,HEALTHY
WH001,MAT039,31040,3080,27960,4838,4338,500,PICK_PENDING
WH010,MAT042,1031280,103120,928160,1808,1808,0,HEALTHY
WH003,MAT043,752640,75240,677400,2935,2935,0,HEALTHY
WH008,MAT043,959160,95880,863280,2816,2816,0,HEALTHY
WH002,MAT044,871920,87160,784760,3887,3887,0,HEALTHY
WH004,MAT044,948800,94880,853920,3911,3911,0,HEALTHY
WH010,MAT044,635400,63520,571880,4032,4032,0,HEALTHY
WH002,MAT045,830000,83000,747000,5096,5096,0,HEALTHY
WH007,MAT050,838960,83880,755080,4120,4120,0,HEALTHY
WH001,MAT002,724360,72400,651960,3475,3475,0,HEALTHY
WH004,MAT003,655320,65520,589800,4560,4560,0,HEALTHY
WH007,MAT003,749360,74920,674440,4552,4552,0,HEALTHY
WH007,MAT005,468360,46800,421560,7184,7184,0,HEALTHY
WH003,MAT008,335800,33560,302240,3674,3288,386,PICK_PENDING
WH005,MAT008,387640,38760,348880,3618,3238,380,PICK_PENDING
WH002,MAT011,629120,62880,566240,6822,6822,0,HEALTHY
WH001,MAT012,891840,89160,802680,1480,1480,0,HEALTHY
WH008,MAT014,741320,74120,667200,3678,3678,0,HEALTHY
WH006,MAT015,631000,63080,567920,4757,4757,0,HEALTHY
WH006,MAT016,561000,56080,504920,5638,5638,0,HEALTHY
WH010,MAT017,114160,11400,102760,6812,6812,0,HEALTHY
WH001,MAT018,575280,57520,517760,1500,1333,167,PICK_PENDING
WH003,MAT020,514040,51400,462640,3677,3677,0,HEALTHY
WH004,MAT020,734000,73400,660600,3659,3659,0,HEALTHY
WH007,MAT022,416840,41680,375160,5956,5956,0,HEALTHY
WH006,MAT026,774480,77440,697040,3747,3747,0,HEALTHY
WH001,MAT027,266800,26680,240120,5003,5003,0,HEALTHY
WH009,MAT029,43960,4360,39600,7151,6419,732,PICK_PENDING
WH002,MAT031,975200,97520,877680,2693,2693,0,HEALTHY
WH007,MAT033,564480,56440,508040,4908,4908,0,HEALTHY
WH009,MAT038,364280,36400,327880,3918,3508,410,PICK_PENDING
WH001,MAT040,419840,41960,377880,6322,6322,0,HEALTHY
WH002,MAT040,648920,64880,584040,6185,6185,0,HEALTHY
WH010,MAT040,573280,57320,515960,6300,6300,0,HEALTHY
WH010,MAT041,563560,56320,507240,7038,7038,0,HEALTHY
WH006,MAT046,581120,58080,523040,6361,6361,0,HEALTHY
WH001,MAT047,90520,9040,81480,7325,7325,0,HEALTHY
WH002,MAT047,135200,13520,121680,7063,7063,0,HEALTHY
WH006,MAT050,525920,52560,473360,4105,4105,0,HEALTHY
WH008,MAT001,1036000,103600,932400,2342,2342,0,HEALTHY
WH005,MAT006,909240,90920,818320,1373,1373,0,HEALTHY
WH007,MAT006,793400,79320,714080,1372,1372,0,HEALTHY
WH008,MAT006,1028800,102880,925920,1356,1356,0,HEALTHY
WH005,MAT016,574400,57440,516960,5657,5657,0,HEALTHY
WH005,MAT018,561200,56120,505080,1507,1343,164,PICK_PENDING
WH008,MAT021,631840,63160,568680,4713,4713,0,HEALTHY
WH010,MAT021,752280,75200,677080,4820,4820,0,HEALTHY
WH008,MAT022,644200,64400,579800,5871,5871,0,HEALTHY
WH003,MAT026,833040,83280,749760,3788,3788,0,HEALTHY
WH008,MAT030,781400,78120,703280,1622,1622,0,HEALTHY
WH009,MAT030,921400,92120,829280,1627,1627,0,HEALTHY
WH001,MAT031,927400,92720,834680,2798,2798,0,HEALTHY
WH009,MAT032,679840,67960,611880,3766,3766,0,HEALTHY
WH009,MAT034,608640,60840,547800,6026,6026,0,HEALTHY
WH007,MAT036,990240,99000,891240,1641,1641,0,HEALTHY
WH002,MAT037,477320,47720,429600,2727,2727,0,HEALTHY
WH005,MAT037,431240,43120,388120,2839,2839,0,HEALTHY
WH007,MAT038,319800,31960,287840,3884,3480,404,PICK_PENDING
WH006,MAT040,489760,48960,440800,5991,5991,0,HEALTHY
WH007,MAT041,467440,46720,420720,7100,7100,0,HEALTHY
WH005,MAT042,794800,79480,715320,1703,1703,0,HEALTHY
WH003,MAT046,656640,65640,591000,6190,6190,0,HEALTHY
WH009,MAT048,537760,53760,484000,1809,1609,200,PICK_PENDING
WH007,MAT001,816400,81640,734760,2344,2344,0,HEALTHY
WH010,MAT001,708480,70840,637640,2450,2450,0,HEALTHY
WH005,MAT002,688640,68840,619800,3641,3641,0,HEALTHY
WH007,MAT004,523960,52360,471600,5804,5804,0,HEALTHY
WH002,MAT005,613760,61360,552400,7405,7405,0,HEALTHY
WH009,MAT008,389280,38920,350360,3428,3065,363,PICK_PENDING
WH010,MAT008,405520,40520,365000,3521,3150,371,PICK_PENDING
WH005,MAT009,29040,2880,26160,4492,4024,468,PICK_PENDING
WH002,MAT010,576680,57640,519040,5395,5395,0,HEALTHY
WH001,MAT011,593080,59280,533800,6780,6780,0,HEALTHY
WH005,MAT011,544160,54400,489760,7111,7111,0,HEALTHY
WH010,MAT012,891160,89080,802080,1420,1420,0,HEALTHY
WH004,MAT013,976600,97640,878960,2583,2583,0,HEALTHY
WH009,MAT013,814400,81440,732960,2572,2572,0,HEALTHY
WH003,MAT015,704200,70400,633800,4615,4615,0,HEALTHY
WH002,MAT017,24720,2440,22280,6916,6916,0,HEALTHY
WH007,MAT017,122080,12200,109880,7176,7176,0,HEALTHY
WH003,MAT018,514080,51400,462680,1505,1340,165,PICK_PENDING
WH006,MAT019,16120,1600,14520,2640,2356,284,PICK_PENDING
WH006,MAT020,812480,81240,731240,3663,3663,0,HEALTHY
WH009,MAT020,630200,63000,567200,3866,3866,0,HEALTHY
WH007,MAT021,819720,81960,737760,4750,4750,0,HEALTHY
WH003,MAT023,564520,56440,508080,7340,7340,0,HEALTHY
WH008,MAT023,436480,43640,392840,6902,6902,0,HEALTHY
WH004,MAT026,697280,69720,627560,3727,3727,0,HEALTHY
WH007,MAT026,807240,80720,726520,3830,3830,0,HEALTHY
WH003,MAT028,267160,26680,240480,6001,5382,619,PICK_PENDING
WH008,MAT029,43960,4360,39600,7048,6326,722,PICK_PENDING
WH001,MAT030,806080,80600,725480,1605,1605,0,HEALTHY
WH005,MAT032,692840,69280,623560,3884,3884,0,HEALTHY
WH008,MAT033,765360,76520,688840,5140,5140,0,HEALTHY
WH005,MAT034,613240,61320,551920,6249,6249,0,HEALTHY
WH006,MAT034,691200,69120,622080,5767,5767,0,HEALTHY
WH007,MAT034,534160,53400,480760,5972,5972,0,HEALTHY
WH003,MAT035,524840,52480,472360,7054,7054,0,HEALTHY
WH005,MAT036,904240,90400,813840,1731,1731,0,HEALTHY
WH010,MAT036,922080,92200,829880,1720,1720,0,HEALTHY
WH001,MAT038,281840,28160,253680,3936,3523,413,PICK_PENDING
WH002,MAT038,409480,40920,368560,3985,3566,419,PICK_PENDING
WH003,MAT040,414520,41440,373080,6105,6105,0,HEALTHY
WH002,MAT041,628760,62840,565920,7122,7122,0,HEALTHY
WH009,MAT041,534080,53400,480680,7252,7252,0,HEALTHY
WH002,MAT042,930160,93000,837160,1789,1789,0,HEALTHY
WH006,MAT043,866920,86680,780240,2984,2984,0,HEALTHY
WH006,MAT044,845640,84560,761080,3935,3935,0,HEALTHY
WH004,MAT047,165120,16480,148640,7279,7279,0,HEALTHY
WH002,MAT004,696720,69640,627080,5683,5683,0,HEALTHY
WH006,MAT004,663000,66280,596720,5824,5824,0,HEALTHY
WH001,MAT005,416560,41640,374920,7127,7127,0,HEALTHY
WH004,MAT008,361840,36160,325680,3645,3262,383,PICK_PENDING
WH010,MAT009,12080,1200,10880,4857,4353,504,PICK_PENDING
WH006,MAT014,677160,67680,609480,3495,3495,0,HEALTHY
WH003,MAT017,166560,16640,149920,6789,6789,0,HEALTHY
WH008,MAT017,50160,5000,45160,7020,7020,0,HEALTHY
WH002,MAT024,863160,86280,776880,1549,1549,0,HEALTHY
WH007,MAT024,1056400,105640,950760,1596,1596,0,HEALTHY
WH004,MAT031,865560,86520,779040,2798,2798,0,HEALTHY
WH009,MAT031,882200,88200,794000,2802,2802,0,HEALTHY
WH001,MAT032,720160,72000,648160,3912,3912,0,HEALTHY
WH002,MAT035,466560,46640,419920,7290,7290,0,HEALTHY
WH007,MAT037,334800,33480,301320,2787,2787,0,HEALTHY
WH006,MAT039,31040,3080,27960,5143,4613,530,PICK_PENDING
WH004,MAT040,556080,55600,500480,6080,6080,0,HEALTHY
WH007,MAT040,399560,39920,359640,6040,6040,0,HEALTHY
WH007,MAT042,948160,94800,853360,1776,1776,0,HEALTHY
WH002,MAT043,894960,89480,805480,2914,2914,0,HEALTHY
WH005,MAT043,833680,83360,750320,2907,2907,0,HEALTHY
WH005,MAT044,804480,80440,724040,3957,3957,0,HEALTHY
WH002,MAT046,601520,60120,541400,6100,6100,0,HEALTHY
WH002,MAT048,592240,59200,533040,1760,1567,193,PICK_PENDING
WH010,MAT049,18120,1800,16320,3025,2703,322,PICK_PENDING
WH001,MAT004,661560,66120,595440,5630,5630,0,HEALTHY
WH004,MAT004,600360,60000,540360,5622,5622,0,HEALTHY
WH002,MAT006,762000,76200,685800,1369,1369,0,HEALTHY
WH003,MAT006,1009680,100960,908720,1383,1383,0,HEALTHY
WH009,MAT007,424080,42400,381680,2583,2583,0,HEALTHY
WH006,MAT009,29040,2880,26160,4628,4145,483,PICK_PENDING
WH003,MAT010,292160,29200,262960,5327,5327,0,HEALTHY
WH006,MAT010,574360,57400,516960,5171,5171,0,HEALTHY
WH001,MAT013,861760,86160,775600,2541,2541,0,HEALTHY
WH005,MAT013,836200,83600,752600,2580,2580,0,HEALTHY
WH002,MAT022,397640,39760,357880,5970,5970,0,HEALTHY
WH005,MAT022,710920,71080,639840,5810,5810,0,HEALTHY
WH009,MAT022,669200,66920,602280,6051,6051,0,HEALTHY
WH006,MAT023,385240,38520,346720,7157,7157,0,HEALTHY
WH009,MAT023,636320,63600,572720,7147,7147,0,HEALTHY
WH001,MAT024,1005720,100560,905160,1525,1525,0,HEALTHY
WH003,MAT025,862720,86240,776480,2732,2732,0,HEALTHY
WH005,MAT028,215640,21560,194080,5885,5279,606,PICK_PENDING
WH008,MAT028,169400,16920,152480,6000,5381,619,PICK_PENDING
WH001,MAT029,43960,4360,39600,7334,6585,749,PICK_PENDING
WH005,MAT030,939440,93920,845520,1682,1682,0,HEALTHY
WH006,MAT030,869880,86960,782920,1654,1654,0,HEALTHY
WH005,MAT033,414200,41400,372800,4956,4956,0,HEALTHY
WH002,MAT034,679480,67920,611560,6194,6194,0,HEALTHY
WH010,MAT035,605320,60520,544800,7245,7245,0,HEALTHY
WH004,MAT037,413800,41360,372440,2761,2761,0,HEALTHY
WH006,MAT037,446280,44600,401680,2947,2947,0,HEALTHY
WH009,MAT037,424760,42440,382320,2752,2752,0,HEALTHY
WH002,MAT039,31040,3080,27960,4943,4430,513,PICK_PENDING
WH008,MAT039,31040,3080,27960,5107,4578,529,PICK_PENDING
WH008,MAT040,720880,72080,648800,5990,5990,0,HEALTHY
WH003,MAT042,971000,97080,873920,1771,1771,0,HEALTHY
WH006,MAT042,1089520,108920,980600,1767,1767,0,HEALTHY
WH009,MAT042,1026320,102600,923720,1784,1784,0,HEALTHY
WH003,MAT045,608320,60800,547520,5209,5209,0,HEALTHY
WH005,MAT046,554760,55440,499320,6198,6198,0,HEALTHY
WH003,MAT049,18120,1800,16320,2967,2652,315,PICK_PENDING
WH005,MAT003,673760,67360,606400,4512,4512,0,HEALTHY
WH003,MAT005,474640,47440,427200,7386,7386,0,HEALTHY
WH005,MAT010,632000,63200,568800,5328,5328,0,HEALTHY
WH008,MAT010,523080,52280,470800,5230,5230,0,HEALTHY
WH002,MAT013,861480,86120,775360,2480,2480,0,HEALTHY
WH009,MAT015,754800,75480,679320,4687,4687,0,HEALTHY
WH004,MAT017,52640,5240,47400,7157,7157,0,HEALTHY
WH007,MAT019,16120,1600,14520,2581,2306,275,PICK_PENDING
WH004,MAT021,684400,68440,615960,4964,4964,0,HEALTHY
WH001,MAT022,724800,72480,652320,5917,5917,0,HEALTHY
WH001,MAT025,964120,96400,867720,2730,2730,0,HEALTHY
WH002,MAT026,804040,80400,723640,3658,3658,0,HEALTHY
WH009,MAT026,897720,89760,807960,3684,3684,0,HEALTHY
WH009,MAT033,636160,63600,572560,4997,4997,0,HEALTHY
WH003,MAT034,546920,54680,492240,6093,6093,0,HEALTHY
WH007,MAT043,919920,91960,827960,2814,2814,0,HEALTHY
WH010,MAT043,853360,85320,768040,2873,2873,0,HEALTHY
WH001,MAT044,823720,82360,741360,3997,3997,0,HEALTHY
WH007,MAT044,704840,70480,634360,3937,3937,0,HEALTHY
WH007,MAT045,669640,66960,602680,5062,5062,0,HEALTHY
WH001,MAT046,575680,57560,518120,6217,6217,0,HEALTHY
WH010,MAT046,562120,56200,505920,6318,6318,0,HEALTHY
WH003,MAT047,45160,4480,40680,7409,7409,0,HEALTHY
WH003,MAT048,504400,50440,453960,1804,1608,196,PICK_PENDING
WH002,MAT049,18120,1800,16320,2986,2670,316,PICK_PENDING
WH010,MAT050,572680,57240,515440,3992,3992,0,HEALTHY
WH004,MAT001,874160,87400,786760,2395,2395,0,HEALTHY
WH009,MAT001,890960,89080,801880,2397,2397,0,HEALTHY
WH008,MAT005,344160,34400,309760,7235,7235,0,HEALTHY
WH004,MAT006,1048920,104880,944040,1385,1385,0,HEALTHY
WH006,MAT006,945680,94560,851120,1410,1410,0,HEALTHY
WH002,MAT009,12080,1200,10880,4616,4137,479,PICK_PENDING
WH003,MAT011,412480,41240,371240,6670,6670,0,HEALTHY
WH006,MAT011,597240,59720,537520,6940,6940,0,HEALTHY
WH005,MAT012,1055040,105480,949560,1410,1410,0,HEALTHY
WH002,MAT018,489600,48960,440640,1515,1346,169,PICK_PENDING
WH003,MAT019,16120,1600,14520,2597,2320,277,PICK_PENDING
WH001,MAT020,682480,68240,614240,3718,3718,0,HEALTHY
WH007,MAT020,576760,57640,519120,3758,3758,0,HEALTHY
WH001,MAT021,752400,75240,677160,4887,4887,0,HEALTHY
WH003,MAT021,733360,73320,660040,4884,4884,0,HEALTHY
WH004,MAT022,662560,66240,596320,5922,5922,0,HEALTHY
WH006,MAT022,545800,54560,491240,6116,6116,0,HEALTHY
WH001,MAT023,422560,42240,380320,7077,7077,0,HEALTHY
WH004,MAT024,943400,94320,849080,1531,1531,0,HEALTHY
WH005,MAT025,953600,95360,858240,2581,2581,0,HEALTHY
WH007,MAT025,1029200,102920,926280,2621,2621,0,HEALTHY
WH010,MAT026,756600,75640,680960,3690,3690,0,HEALTHY
WH010,MAT029,43960,4360,39600,7423,6663,760,PICK_PENDING
WH006,MAT031,957080,95680,861400,2639,2639,0,HEALTHY
WH008,MAT031,851440,85120,766320,2694,2694,0,HEALTHY
WH008,MAT032,820720,82040,738680,3763,3763,0,HEALTHY
WH001,MAT033,687360,68720,618640,4918,4918,0,HEALTHY
WH004,MAT034,576800,57680,519120,6212,6212,0,HEALTHY
WH006,MAT036,952040,95200,856840,1626,1626,0,HEALTHY
WH008,MAT036,994960,99480,895480,1685,1685,0,HEALTHY
WH006,MAT038,405960,40560,365400,3861,3457,404,PICK_PENDING
WH010,MAT038,389680,38960,350720,3897,3493,404,PICK_PENDING
WH004,MAT039,31040,3080,27960,4937,4425,512,PICK_PENDING
WH004,MAT042,1018160,101800,916360,1674,1674,0,HEALTHY
WH008,MAT045,575120,57480,517640,4936,4936,0,HEALTHY
WH010,MAT047,45160,4480,40680,7384,7384,0,HEALTHY
WH007,MAT049,18120,1800,16320,2879,2572,307,PICK_PENDING
WH008,MAT049,18120,1800,16320,2934,2626,308,PICK_PENDING
WH008,MAT050,596600,59640,536960,4109,4109,0,HEALTHY
WH001,MAT003,684120,68400,615720,4663,4663,0,HEALTHY
WH010,MAT003,672960,67280,605680,4734,4734,0,HEALTHY
WH003,MAT004,534880,53480,481400,5948,5948,0,HEALTHY
WH005,MAT004,623600,62360,561240,5824,5824,0,HEALTHY
WH004,MAT007,532040,53200,478840,2456,2456,0,HEALTHY
WH003,MAT012,973680,97360,876320,1442,1442,0,HEALTHY
WH008,MAT015,698600,69840,628760,4897,4897,0,HEALTHY
WH006,MAT017,43120,4280,38840,6944,6944,0,HEALTHY
WH006,MAT018,477920,47760,430160,1493,1328,165,PICK_PENDING
WH007,MAT018,609480,60920,548560,1495,1327,168,PICK_PENDING
WH004,MAT019,16120,1600,14520,2626,2344,282,PICK_PENDING
WH005,MAT024,979040,97880,881160,1578,1578,0,HEALTHY
WH006,MAT025,810720,81040,729680,2609,2609,0,HEALTHY
WH008,MAT027,227440,22720,204720,4863,4863,0,HEALTHY
WH002,MAT028,143120,14280,128840,5905,5298,607,PICK_PENDING
WH007,MAT028,253360,25320,228040,6006,5388,618,PICK_PENDING
WH002,MAT030,860400,86040,774360,1615,1615,0,HEALTHY
WH003,MAT031,1017320,101720,915600,2659,2659,0,HEALTHY
WH007,MAT032,770360,77000,693360,3900,3900,0,HEALTHY
WH002,MAT036,962000,96200,865800,1782,1782,0,HEALTHY
WH010,MAT037,448320,44800,403520,2752,2752,0,HEALTHY
WH007,MAT039,31040,3080,27960,5112,4582,530,PICK_PENDING
WH001,MAT041,583040,58280,524760,7201,7201,0,HEALTHY
WH001,MAT042,890680,89040,801640,1790,1790,0,HEALTHY
WH004,MAT043,861760,86160,775600,2869,2869,0,HEALTHY
WH005,MAT045,767120,76680,690440,5109,5109,0,HEALTHY
WH010,MAT045,603320,60320,543000,5118,5118,0,HEALTHY
WH008,MAT002,807720,80760,726960,3630,3630,0,HEALTHY
WH010,MAT002,892120,89200,802920,3560,3560,0,HEALTHY
WH009,MAT004,602760,60240,542520,5804,5804,0,HEALTHY
WH002,MAT008,423160,42280,380880,3637,3256,381,PICK_PENDING
WH003,MAT009,29040,2880,26160,4657,4173,484,PICK_PENDING
WH002,MAT012,1115200,111520,1003680,1431,1431,0,HEALTHY
WH002,MAT014,863160,86280,776880,3701,3701,0,HEALTHY
WH004,MAT014,944280,94400,849880,3672,3672,0,HEALTHY
WH005,MAT014,808920,80880,728040,3606,3606,0,HEALTHY
WH001,MAT016,283040,28280,254760,5971,5971,0,HEALTHY
WH007,MAT016,643120,64280,578840,5783,5783,0,HEALTHY
WH001,MAT017,106000,10600,95400,6954,6954,0,HEALTHY
WH008,MAT020,652440,65240,587200,3839,3839,0,HEALTHY
WH003,MAT022,630520,63040,567480,5830,5830,0,HEALTHY
WH010,MAT022,545120,54480,490640,5844,5844,0,HEALTHY
WH002,MAT025,822280,82200,740080,2745,2745,0,HEALTHY
WH010,MAT025,965200,96520,868680,2648,2648,0,HEALTHY
WH006,MAT027,297640,29760,267880,4746,4746,0,HEALTHY
WH009,MAT028,191720,19160,172560,6016,5395,621,PICK_PENDING
WH007,MAT029,43960,4360,39600,7216,6477,739,PICK_PENDING
WH007,MAT030,756160,75600,680560,1653,1653,0,HEALTHY
WH005,MAT031,734520,73440,661080,2678,2678,0,HEALTHY
WH010,MAT031,920720,92040,828680,2813,2813,0,HEALTHY
WH002,MAT032,757640,75760,681880,3847,3847,0,HEALTHY
WH007,MAT035,494080,49400,444680,7158,7158,0,HEALTHY
WH005,MAT038,375800,37560,338240,3942,3531,411,PICK_PENDING
WH005,MAT040,293080,29280,263800,5999,5999,0,HEALTHY
WH009,MAT040,455560,45520,410040,6226,6226,0,HEALTHY
WH008,MAT041,683440,68320,615120,7143,7143,0,HEALTHY
WH009,MAT046,530320,53000,477320,6223,6223,0,HEALTHY
WH001,MAT050,799560,79920,719640,3908,3908,0,HEALTHY
WH009,MAT002,857200,85720,771480,3504,3504,0,HEALTHY
WH009,MAT003,501440,50120,451320,4755,4755,0,HEALTHY
WH005,MAT005,568400,56840,511560,7199,7199,0,HEALTHY
WH003,MAT007,395560,39520,356040,2517,2517,0,HEALTHY
WH007,MAT007,385200,38520,346680,2478,2478,0,HEALTHY
WH004,MAT009,29040,2880,26160,4629,4146,483,PICK_PENDING
WH007,MAT009,29040,2880,26160,4723,4230,493,PICK_PENDING
WH009,MAT009,29040,2880,26160,4808,4309,499,PICK_PENDING
WH009,MAT011,227520,22720,204800,7077,7077,0,HEALTHY
WH009,MAT018,545560,54520,491040,1534,1367,167,PICK_PENDING
WH001,MAT019,6720,640,6080,2510,2239,271,PICK_PENDING
WH010,MAT020,789960,78960,711000,3664,3664,0,HEALTHY
WH009,MAT025,926040,92600,833440,2645,2645,0,HEALTHY
WH005,MAT027,273840,27360,246480,4747,4747,0,HEALTHY
WH006,MAT035,629440,62920,566520,7224,7224,0,HEALTHY
WH005,MAT039,31040,3080,27960,5149,4619,530,PICK_PENDING
WH008,MAT042,986360,98600,887760,1791,1791,0,HEALTHY
WH001,MAT048,566080,56600,509480,1792,1597,195,PICK_PENDING
WH004,MAT048,528240,52800,475440,1802,1607,195,PICK_PENDING
WH010,MAT048,450640,45040,405600,1844,1641,203,PICK_PENDING
WH004,MAT050,442000,44200,397800,4119,4119,0,HEALTHY
WH001,MAT001,751160,75080,676080,2455,2455,0,HEALTHY
WH003,MAT002,810600,81040,729560,3382,3382,0,HEALTHY
WH002,MAT003,709600,70960,638640,4837,4837,0,HEALTHY
WH008,MAT004,754600,75440,679160,5664,5664,0,HEALTHY
WH010,MAT004,654880,65480,589400,5645,5645,0,HEALTHY
WH001,MAT006,933040,93280,839760,1356,1356,0,HEALTHY
WH001,MAT007,450760,45040,405720,2585,2585,0,HEALTHY
WH010,MAT007,449600,44960,404640,2560,2560,0,HEALTHY
WH001,MAT009,12080,1200,10880,4653,4171,482,PICK_PENDING
WH010,MAT010,544040,54400,489640,5297,5297,0,HEALTHY
WH007,MAT011,626080,62600,563480,7072,7072,0,HEALTHY
WH007,MAT013,910120,91000,819120,2641,2641,0,HEALTHY
WH007,MAT014,889880,88960,800920,3579,3579,0,HEALTHY
WH010,MAT014,822200,82200,740000,3652,3652,0,HEALTHY
WH007,MAT015,672720,67240,605480,4728,4728,0,HEALTHY
WH003,MAT016,663560,66320,597240,5808,5808,0,HEALTHY
WH009,MAT016,708880,70880,638000,5946,5946,0,HEALTHY
WH005,MAT017,43120,4280,38840,7293,7293,0,HEALTHY
WH009,MAT017,90120,9000,81120,6817,6817,0,HEALTHY
WH004,MAT023,439400,43920,395480,7146,7146,0,HEALTHY
WH004,MAT025,908920,90880,818040,2647,2647,0,HEALTHY
WH009,MAT027,355440,35520,319920,4910,4910,0,HEALTHY
WH010,MAT032,906080,90600,815480,3681,3681,0,HEALTHY
WH006,MAT033,694800,69480,625320,5037,5037,0,HEALTHY
WH008,MAT034,570440,57040,513400,6011,6011,0,HEALTHY
WH008,MAT038,344960,34480,310480,3864,3461,403,PICK_PENDING
WH003,MAT039,31040,3080,27960,5013,4497,516,PICK_PENDING
WH005,MAT041,316800,31680,285120,7322,7322,0,HEALTHY
WH006,MAT041,566080,56600,509480,7625,7625,0,HEALTHY
WH001,MAT045,608480,60840,547640,5122,5122,0,HEALTHY
WH006,MAT045,809320,80920,728400,5074,5074,0,HEALTHY
WH004,MAT046,695000,69480,625520,6203,6203,0,HEALTHY
WH008,MAT046,472520,47240,425280,6453,6453,0,HEALTHY
WH007,MAT047,117040,11680,105360,7416,7416,0,HEALTHY
WH008,MAT047,64560,6440,58120,7018,7018,0,HEALTHY
WH009,MAT047,68800,6880,61920,7261,7261,0,HEALTHY
WH005,MAT048,550880,55080,495800,1813,1615,198,PICK_PENDING
WH009,MAT050,537280,53720,483560,4042,4042,0,HEALTHY
WH006,MAT003,697320,69720,627600,4710,4710,0,HEALTHY
WH007,MAT008,327840,32760,295080,3606,3226,380,PICK_PENDING
WH004,MAT011,653960,65360,588600,6766,6766,0,HEALTHY
WH003,MAT013,747760,74760,673000,2515,2515,0,HEALTHY
WH006,MAT013,881680,88160,793520,2504,2504,0,HEALTHY
WH008,MAT013,774520,77440,697080,2578,2578,0,HEALTHY
WH010,MAT013,858280,85800,772480,2516,2516,0,HEALTHY
WH001,MAT015,805200,80520,724680,4618,4618,0,HEALTHY
WH005,MAT015,767800,76760,691040,4805,4805,0,HEALTHY
WH010,MAT015,614640,61440,553200,4681,4681,0,HEALTHY
WH010,MAT019,6720,640,6080,2540,2265,275,PICK_PENDING
WH002,MAT023,540800,54080,486720,7144,7144,0,HEALTHY
WH007,MAT023,585280,58520,526760,6800,6800,0,HEALTHY
WH006,MAT024,1015480,101520,913960,1615,1615,0,HEALTHY
WH005,MAT026,908000,90800,817200,3836,3836,0,HEALTHY
WH004,MAT029,43960,4360,39600,7102,6374,728,PICK_PENDING
WH002,MAT033,734760,73440,661320,4818,4818,0,HEALTHY
WH001,MAT034,465880,46560,419320,6121,6121,0,HEALTHY
WH004,MAT036,1049120,104880,944240,1678,1678,0,HEALTHY
WH009,MAT036,886040,88600,797440,1678,1678,0,HEALTHY
WH008,MAT037,498200,49800,448400,2888,2888,0,HEALTHY
WH009,MAT043,657360,65720,591640,2787,2787,0,HEALTHY
WH004,MAT045,715800,71560,644240,5258,5258,0,HEALTHY
WH009,MAT045,757960,75760,682200,4943,4943,0,HEALTHY
WH004,MAT049,18120,1800,16320,2946,2634,312,PICK_PENDING
WH003,MAT001,831160,83080,748080,2440,2440,0,HEALTHY
WH005,MAT001,709440,70920,638520,2461,2461,0,HEALTHY
WH004,MAT002,834480,83440,751040,3576,3576,0,HEALTHY
WH007,MAT002,771280,77120,694160,3593,3593,0,HEALTHY
WH008,MAT007,514000,51400,462600,2513,2513,0,HEALTHY
WH008,MAT008,469160,46880,422280,3486,3120,366,PICK_PENDING
WH008,MAT009,29040,2880,26160,4733,4241,492,PICK_PENDING
WH001,MAT010,647560,64720,582840,5414,5414,0,HEALTHY
WH008,MAT011,536240,53600,482640,6987,6987,0,HEALTHY
WH004,MAT012,1008280,100800,907480,1502,1502,0,HEALTHY
WH007,MAT012,951000,95080,855920,1445,1445,0,HEALTHY
WH002,MAT015,836920,83680,753240,4714,4714,0,HEALTHY
WH002,MAT016,597760,59760,538000,6138,6138,0,HEALTHY
WH008,MAT018,524240,52400,471840,1506,1339,167,PICK_PENDING
WH010,MAT018,573640,57360,516280,1479,1312,167,PICK_PENDING
WH008,MAT019,16120,1600,14520,2560,2284,276,PICK_PENDING
WH001,MAT026,762000,76200,685800,3691,3691,0,HEALTHY
WH008,MAT026,854000,85400,768600,3738,3738,0,HEALTHY
WH004,MAT027,136080,13600,122480,4868,4868,0,HEALTHY
WH001,MAT028,231160,23080,208080,5861,5256,605,PICK_PENDING
WH003,MAT029,43960,4360,39600,6975,6256,719,PICK_PENDING
WH003,MAT030,1042760,104240,938520,1656,1656,0,HEALTHY
WH003,MAT032,785840,78560,707280,3987,3987,0,HEALTHY
WH006,MAT032,565640,56560,509080,3894,3894,0,HEALTHY
WH003,MAT033,592600,59240,533360,4837,4837,0,HEALTHY
WH004,MAT033,627120,62680,564440,4898,4898,0,HEALTHY
WH005,MAT035,394720,39440,355280,7415,7415,0,HEALTHY
WH003,MAT037,287360,28720,258640,2781,2781,0,HEALTHY
WH003,MAT044,731680,73160,658520,3882,3882,0,HEALTHY
WH005,MAT047,84160,8400,75760,7237,7237,0,HEALTHY
WH005,MAT049,18120,1800,16320,2899,2590,309,PICK_PENDING
WH006,MAT049,18120,1800,16320,2827,2525,302,PICK_PENDING
WH009,MAT049,18120,1800,16320,2946,2635,311,PICK_PENDING
WH002,MAT050,557120,55680,501440,3968,3968,0,HEALTHY
WH003,MAT050,696320,69600,626720,3933,3933,0,HEALTHY
WH006,MAT001,958400,95840,862560,2327,2327,0,HEALTHY
WH002,MAT002,772720,77240,695480,3363,3363,0,HEALTHY
WH008,MAT003,785320,78520,706800,4595,4595,0,HEALTHY
WH005,MAT007,451960,45160,406800,2402,2402,0,HEALTHY
WH006,MAT007,383200,38320,344880,2466,2466,0,HEALTHY
WH004,MAT010,604200,60400,543800,5341,5341,0,HEALTHY
WH009,MAT010,336240,33600,302640,5170,5170,0,HEALTHY
WH008,MAT012,850960,85080,765880,1419,1419,0,HEALTHY
WH008,MAT016,492800,49280,443520,5904,5904,0,HEALTHY
WH004,MAT018,537280,53720,483560,1511,1343,168,PICK_PENDING
WH005,MAT019,16120,1600,14520,2704,2414,290,PICK_PENDING
WH009,MAT019,16120,1600,14520,2514,2242,272,PICK_PENDING
WH006,MAT021,771360,77120,694240,4862,4862,0,HEALTHY
WH005,MAT029,43960,4360,39600,6999,6280,719,PICK_PENDING
WH004,MAT030,797120,79680,717440,1678,1678,0,HEALTHY
WH004,MAT032,824680,82440,742240,3994,3994,0,HEALTHY
WH010,MAT033,540520,54040,486480,5137,5137,0,HEALTHY
WH001,MAT037,340320,34000,306320,2793,2793,0,HEALTHY
WH004,MAT038,356680,35640,321040,3887,3482,405,PICK_PENDING
WH009,MAT039,31040,3080,27960,5101,4569,532,PICK_PENDING
WH003,MAT041,481720,48160,433560,7202,7202,0,HEALTHY
WH001,MAT043,861800,86160,775640,2836,2836,0,HEALTHY
WH007,MAT046,396400,39640,356760,6339,6339,0,HEALTHY
WH006,MAT047,45160,4480,40680,7152,7152,0,HEALTHY
WH007,MAT048,486160,48600,437560,1864,1660,204,PICK_PENDING
